timestamp, name, memory.total [MiB], memory.used [MiB], utilization.gpu [%], utilization.memory [%], clocks.current.sm [MHz], clocks.current.memory [MHz]
2017/12/19 06:58:06.447, Tesla M60, 7613 MiB, 0 MiB, 68 %, 4 %, 632 MHz, 2505 MHz
2017/12/19 06:58:06.699, Tesla M60, 7613 MiB, 0 MiB, 94 %, 7 %, 784 MHz, 2505 MHz
2017/12/19 06:58:06.850, Tesla M60, 7613 MiB, 0 MiB, 94 %, 7 %, 784 MHz, 2505 MHz
2017/12/19 06:58:06.951, Tesla M60, 7613 MiB, 0 MiB, 97 %, 8 %, 873 MHz, 2505 MHz
2017/12/19 06:58:07.069, Tesla M60, 7613 MiB, 0 MiB, 96 %, 9 %, 974 MHz, 2505 MHz
2017/12/19 06:58:07.181, Tesla M60, 7613 MiB, 0 MiB, 96 %, 9 %, 974 MHz, 2505 MHz
2017/12/19 06:58:07.288, Tesla M60, 7613 MiB, 0 MiB, 97 %, 10 %, 1075 MHz, 2505 MHz
2017/12/19 06:58:07.433, Tesla M60, 7613 MiB, 0 MiB, 63 %, 7 %, 1177 MHz, 2505 MHz
2017/12/19 06:58:07.533, Tesla M60, 7613 MiB, 0 MiB, 63 %, 7 %, 1177 MHz, 2505 MHz
2017/12/19 06:58:07.634, Tesla M60, 7613 MiB, 0 MiB, 0 %, 0 %, 1177 MHz, 2505 MHz
2017/12/19 06:58:07.734, Tesla M60, 7613 MiB, 0 MiB, 0 %, 0 %, 1177 MHz, 2505 MHz
2017/12/19 06:58:07.834, Tesla M60, 7613 MiB, 0 MiB, 0 %, 0 %, 1177 MHz, 2505 MHz
2017/12/19 06:58:07.935, Tesla M60, 7613 MiB, 12 MiB, 0 %, 0 %, 1177 MHz, 2505 MHz
2017/12/19 06:58:08.037, Tesla M60, 7613 MiB, 96 MiB, 0 %, 0 %, 1177 MHz, 2505 MHz
2017/12/19 06:58:08.137, Tesla M60, 7613 MiB, 113 MiB, 6 %, 0 %, 1177 MHz, 2505 MHz
2017/12/19 06:58:08.239, Tesla M60, 7613 MiB, 1045 MiB, 29 %, 19 %, 1177 MHz, 2505 MHz
2017/12/19 06:58:08.339, Tesla M60, 7613 MiB, 1045 MiB, 29 %, 19 %, 1177 MHz, 2505 MHz
2017/12/19 06:58:08.440, Tesla M60, 7613 MiB, 1045 MiB, 19 %, 2 %, 1177 MHz, 2505 MHz
2017/12/19 06:58:08.540, Tesla M60, 7613 MiB, 1045 MiB, 19 %, 2 %, 1177 MHz, 2505 MHz
2017/12/19 06:58:08.640, Tesla M60, 7613 MiB, 1045 MiB, 17 %, 2 %, 1177 MHz, 2505 MHz
2017/12/19 06:58:08.741, Tesla M60, 7613 MiB, 1045 MiB, 4 %, 0 %, 1177 MHz, 2505 MHz
2017/12/19 06:58:08.841, Tesla M60, 7613 MiB, 1045 MiB, 4 %, 0 %, 1177 MHz, 2505 MHz
2017/12/19 06:58:08.942, Tesla M60, 7613 MiB, 1045 MiB, 0 %, 0 %, 1177 MHz, 2505 MHz
2017/12/19 06:58:09.042, Tesla M60, 7613 MiB, 1045 MiB, 0 %, 0 %, 1177 MHz, 2505 MHz
2017/12/19 06:58:09.143, Tesla M60, 7613 MiB, 1045 MiB, 0 %, 0 %, 1177 MHz, 2505 MHz
2017/12/19 06:58:09.243, Tesla M60, 7613 MiB, 1045 MiB, 0 %, 0 %, 1177 MHz, 2505 MHz
2017/12/19 06:58:09.344, Tesla M60, 7613 MiB, 1045 MiB, 0 %, 0 %, 1177 MHz, 2505 MHz
2017/12/19 06:58:09.444, Tesla M60, 7613 MiB, 1141 MiB, 0 %, 0 %, 1177 MHz, 2505 MHz
2017/12/19 06:58:09.545, Tesla M60, 7613 MiB, 1141 MiB, 0 %, 0 %, 1177 MHz, 2505 MHz
2017/12/19 06:58:09.645, Tesla M60, 7613 MiB, 1141 MiB, 1 %, 0 %, 1177 MHz, 2505 MHz
2017/12/19 06:58:09.746, Tesla M60, 7613 MiB, 1141 MiB, 0 %, 0 %, 1177 MHz, 2505 MHz
2017/12/19 06:58:09.846, Tesla M60, 7613 MiB, 1141 MiB, 0 %, 0 %, 1177 MHz, 2505 MHz
2017/12/19 06:58:09.946, Tesla M60, 7613 MiB, 1109 MiB, 0 %, 0 %, 1177 MHz, 2505 MHz
2017/12/19 06:58:10.047, Tesla M60, 7613 MiB, 1109 MiB, 0 %, 0 %, 1177 MHz, 2505 MHz
2017/12/19 06:58:10.147, Tesla M60, 7613 MiB, 1109 MiB, 1 %, 0 %, 923 MHz, 2505 MHz
2017/12/19 06:58:10.248, Tesla M60, 7613 MiB, 1109 MiB, 0 %, 0 %, 923 MHz, 2505 MHz
2017/12/19 06:58:10.348, Tesla M60, 7613 MiB, 1109 MiB, 0 %, 0 %, 923 MHz, 2505 MHz
2017/12/19 06:58:10.449, Tesla M60, 7613 MiB, 1109 MiB, 0 %, 0 %, 923 MHz, 2505 MHz
2017/12/19 06:58:10.549, Tesla M60, 7613 MiB, 1109 MiB, 0 %, 0 %, 923 MHz, 2505 MHz
2017/12/19 06:58:10.650, Tesla M60, 7613 MiB, 1109 MiB, 0 %, 0 %, 923 MHz, 2505 MHz
2017/12/19 06:58:10.750, Tesla M60, 7613 MiB, 1109 MiB, 0 %, 0 %, 923 MHz, 2505 MHz
2017/12/19 06:58:10.851, Tesla M60, 7613 MiB, 1109 MiB, 0 %, 0 %, 923 MHz, 2505 MHz
2017/12/19 06:58:10.951, Tesla M60, 7613 MiB, 1109 MiB, 0 %, 0 %, 923 MHz, 2505 MHz
2017/12/19 06:58:11.051, Tesla M60, 7613 MiB, 1109 MiB, 0 %, 0 %, 923 MHz, 2505 MHz
2017/12/19 06:58:11.152, Tesla M60, 7613 MiB, 1109 MiB, 0 %, 0 %, 923 MHz, 2505 MHz
2017/12/19 06:58:11.252, Tesla M60, 7613 MiB, 1109 MiB, 0 %, 0 %, 923 MHz, 2505 MHz
2017/12/19 06:58:11.353, Tesla M60, 7613 MiB, 1109 MiB, 0 %, 0 %, 923 MHz, 2505 MHz
2017/12/19 06:58:11.454, Tesla M60, 7613 MiB, 1109 MiB, 0 %, 0 %, 923 MHz, 2505 MHz
2017/12/19 06:58:11.554, Tesla M60, 7613 MiB, 1109 MiB, 0 %, 0 %, 923 MHz, 2505 MHz
2017/12/19 06:58:11.654, Tesla M60, 7613 MiB, 1109 MiB, 0 %, 0 %, 923 MHz, 2505 MHz
2017/12/19 06:58:11.755, Tesla M60, 7613 MiB, 1109 MiB, 0 %, 0 %, 923 MHz, 2505 MHz
2017/12/19 06:58:11.855, Tesla M60, 7613 MiB, 1109 MiB, 0 %, 0 %, 923 MHz, 2505 MHz
2017/12/19 06:58:11.956, Tesla M60, 7613 MiB, 1109 MiB, 0 %, 0 %, 923 MHz, 2505 MHz
2017/12/19 06:58:12.056, Tesla M60, 7613 MiB, 1109 MiB, 0 %, 0 %, 923 MHz, 2505 MHz
2017/12/19 06:58:12.157, Tesla M60, 7613 MiB, 1109 MiB, 0 %, 0 %, 923 MHz, 2505 MHz
2017/12/19 06:58:12.257, Tesla M60, 7613 MiB, 1109 MiB, 0 %, 0 %, 923 MHz, 2505 MHz
2017/12/19 06:58:12.358, Tesla M60, 7613 MiB, 1109 MiB, 0 %, 0 %, 923 MHz, 2505 MHz
2017/12/19 06:58:12.458, Tesla M60, 7613 MiB, 1109 MiB, 0 %, 0 %, 923 MHz, 2505 MHz
2017/12/19 06:58:12.559, Tesla M60, 7613 MiB, 1109 MiB, 0 %, 0 %, 923 MHz, 2505 MHz
2017/12/19 06:58:12.659, Tesla M60, 7613 MiB, 1109 MiB, 0 %, 0 %, 923 MHz, 2505 MHz
2017/12/19 06:58:12.760, Tesla M60, 7613 MiB, 1109 MiB, 0 %, 0 %, 556 MHz, 2505 MHz
2017/12/19 06:58:12.860, Tesla M60, 7613 MiB, 1109 MiB, 0 %, 0 %, 556 MHz, 2505 MHz
2017/12/19 06:58:12.960, Tesla M60, 7613 MiB, 1109 MiB, 0 %, 0 %, 556 MHz, 2505 MHz
2017/12/19 06:58:13.061, Tesla M60, 7613 MiB, 1109 MiB, 0 %, 0 %, 556 MHz, 2505 MHz
2017/12/19 06:58:13.161, Tesla M60, 7613 MiB, 1109 MiB, 0 %, 0 %, 556 MHz, 2505 MHz
2017/12/19 06:58:13.262, Tesla M60, 7613 MiB, 1109 MiB, 0 %, 0 %, 556 MHz, 2505 MHz
2017/12/19 06:58:13.362, Tesla M60, 7613 MiB, 1109 MiB, 0 %, 0 %, 556 MHz, 2505 MHz
2017/12/19 06:58:13.463, Tesla M60, 7613 MiB, 1109 MiB, 0 %, 0 %, 556 MHz, 2505 MHz
2017/12/19 06:58:13.563, Tesla M60, 7613 MiB, 1109 MiB, 0 %, 0 %, 556 MHz, 2505 MHz
2017/12/19 06:58:13.664, Tesla M60, 7613 MiB, 1109 MiB, 0 %, 0 %, 556 MHz, 2505 MHz
2017/12/19 06:58:13.764, Tesla M60, 7613 MiB, 1109 MiB, 0 %, 0 %, 556 MHz, 2505 MHz
2017/12/19 06:58:13.865, Tesla M60, 7613 MiB, 1109 MiB, 0 %, 0 %, 556 MHz, 2505 MHz
2017/12/19 06:58:13.965, Tesla M60, 7613 MiB, 1109 MiB, 0 %, 0 %, 556 MHz, 2505 MHz
2017/12/19 06:58:14.066, Tesla M60, 7613 MiB, 1109 MiB, 0 %, 0 %, 556 MHz, 2505 MHz
2017/12/19 06:58:14.166, Tesla M60, 7613 MiB, 1109 MiB, 0 %, 0 %, 556 MHz, 2505 MHz
2017/12/19 06:58:14.266, Tesla M60, 7613 MiB, 1109 MiB, 0 %, 0 %, 556 MHz, 2505 MHz
2017/12/19 06:58:14.367, Tesla M60, 7613 MiB, 1109 MiB, 0 %, 0 %, 556 MHz, 2505 MHz
2017/12/19 06:58:14.467, Tesla M60, 7613 MiB, 1109 MiB, 0 %, 0 %, 556 MHz, 2505 MHz
2017/12/19 06:58:14.568, Tesla M60, 7613 MiB, 1109 MiB, 0 %, 0 %, 556 MHz, 2505 MHz
2017/12/19 06:58:14.668, Tesla M60, 7613 MiB, 1109 MiB, 0 %, 0 %, 556 MHz, 2505 MHz
2017/12/19 06:58:14.769, Tesla M60, 7613 MiB, 1109 MiB, 0 %, 0 %, 556 MHz, 2505 MHz
2017/12/19 06:58:14.869, Tesla M60, 7613 MiB, 1109 MiB, 0 %, 0 %, 556 MHz, 2505 MHz
2017/12/19 06:58:14.970, Tesla M60, 7613 MiB, 1109 MiB, 0 %, 0 %, 556 MHz, 2505 MHz
2017/12/19 06:58:15.070, Tesla M60, 7613 MiB, 1109 MiB, 0 %, 0 %, 556 MHz, 2505 MHz
2017/12/19 06:58:15.171, Tesla M60, 7613 MiB, 1109 MiB, 0 %, 0 %, 556 MHz, 2505 MHz
2017/12/19 06:58:15.271, Tesla M60, 7613 MiB, 1109 MiB, 0 %, 0 %, 556 MHz, 2505 MHz
2017/12/19 06:58:15.372, Tesla M60, 7613 MiB, 1109 MiB, 0 %, 0 %, 556 MHz, 2505 MHz
2017/12/19 06:58:15.472, Tesla M60, 7613 MiB, 1109 MiB, 0 %, 0 %, 556 MHz, 2505 MHz
2017/12/19 06:58:15.573, Tesla M60, 7613 MiB, 1109 MiB, 0 %, 0 %, 556 MHz, 2505 MHz
2017/12/19 06:58:15.673, Tesla M60, 7613 MiB, 1109 MiB, 0 %, 0 %, 556 MHz, 2505 MHz
2017/12/19 06:58:15.774, Tesla M60, 7613 MiB, 1109 MiB, 0 %, 0 %, 556 MHz, 2505 MHz
2017/12/19 06:58:15.874, Tesla M60, 7613 MiB, 1109 MiB, 0 %, 0 %, 556 MHz, 2505 MHz
2017/12/19 06:58:15.975, Tesla M60, 7613 MiB, 1109 MiB, 0 %, 0 %, 556 MHz, 2505 MHz
2017/12/19 06:58:16.075, Tesla M60, 7613 MiB, 1109 MiB, 0 %, 0 %, 556 MHz, 2505 MHz
2017/12/19 06:58:16.175, Tesla M60, 7613 MiB, 1109 MiB, 0 %, 0 %, 556 MHz, 2505 MHz
2017/12/19 06:58:16.276, Tesla M60, 7613 MiB, 1109 MiB, 0 %, 0 %, 556 MHz, 2505 MHz
2017/12/19 06:58:16.376, Tesla M60, 7613 MiB, 1109 MiB, 0 %, 0 %, 556 MHz, 2505 MHz
2017/12/19 06:58:16.477, Tesla M60, 7613 MiB, 1109 MiB, 0 %, 0 %, 556 MHz, 2505 MHz
2017/12/19 06:58:16.577, Tesla M60, 7613 MiB, 1109 MiB, 0 %, 0 %, 556 MHz, 2505 MHz
2017/12/19 06:58:16.678, Tesla M60, 7613 MiB, 1109 MiB, 0 %, 0 %, 556 MHz, 2505 MHz
2017/12/19 06:58:16.778, Tesla M60, 7613 MiB, 1109 MiB, 0 %, 0 %, 556 MHz, 2505 MHz
2017/12/19 06:58:16.879, Tesla M60, 7613 MiB, 1109 MiB, 0 %, 0 %, 556 MHz, 2505 MHz
2017/12/19 06:58:16.979, Tesla M60, 7613 MiB, 1109 MiB, 0 %, 0 %, 556 MHz, 2505 MHz
2017/12/19 06:58:17.080, Tesla M60, 7613 MiB, 1109 MiB, 0 %, 0 %, 556 MHz, 2505 MHz
2017/12/19 06:58:17.180, Tesla M60, 7613 MiB, 1109 MiB, 0 %, 0 %, 556 MHz, 2505 MHz
2017/12/19 06:58:17.280, Tesla M60, 7613 MiB, 1109 MiB, 0 %, 0 %, 556 MHz, 2505 MHz
2017/12/19 06:58:17.381, Tesla M60, 7613 MiB, 1109 MiB, 0 %, 0 %, 556 MHz, 2505 MHz
2017/12/19 06:58:17.482, Tesla M60, 7613 MiB, 1109 MiB, 0 %, 0 %, 556 MHz, 2505 MHz
2017/12/19 06:58:17.582, Tesla M60, 7613 MiB, 1109 MiB, 0 %, 0 %, 556 MHz, 2505 MHz
2017/12/19 06:58:17.683, Tesla M60, 7613 MiB, 1109 MiB, 0 %, 0 %, 556 MHz, 2505 MHz
2017/12/19 06:58:17.783, Tesla M60, 7613 MiB, 1109 MiB, 0 %, 0 %, 556 MHz, 2505 MHz
2017/12/19 06:58:17.883, Tesla M60, 7613 MiB, 1109 MiB, 0 %, 0 %, 556 MHz, 2505 MHz
2017/12/19 06:58:17.984, Tesla M60, 7613 MiB, 1109 MiB, 0 %, 0 %, 556 MHz, 2505 MHz
2017/12/19 06:58:18.084, Tesla M60, 7613 MiB, 1109 MiB, 0 %, 0 %, 556 MHz, 2505 MHz
2017/12/19 06:58:18.185, Tesla M60, 7613 MiB, 1109 MiB, 0 %, 0 %, 556 MHz, 2505 MHz
2017/12/19 06:58:18.285, Tesla M60, 7613 MiB, 1109 MiB, 0 %, 0 %, 556 MHz, 2505 MHz
2017/12/19 06:58:18.386, Tesla M60, 7613 MiB, 1109 MiB, 0 %, 0 %, 556 MHz, 2505 MHz
2017/12/19 06:58:18.486, Tesla M60, 7613 MiB, 1109 MiB, 0 %, 0 %, 556 MHz, 2505 MHz
2017/12/19 06:58:18.587, Tesla M60, 7613 MiB, 1109 MiB, 0 %, 0 %, 556 MHz, 2505 MHz
2017/12/19 06:58:18.687, Tesla M60, 7613 MiB, 1109 MiB, 0 %, 0 %, 556 MHz, 2505 MHz
2017/12/19 06:58:18.788, Tesla M60, 7613 MiB, 1109 MiB, 0 %, 0 %, 556 MHz, 2505 MHz
2017/12/19 06:58:18.888, Tesla M60, 7613 MiB, 1109 MiB, 0 %, 0 %, 556 MHz, 2505 MHz
2017/12/19 06:58:18.988, Tesla M60, 7613 MiB, 1109 MiB, 0 %, 0 %, 556 MHz, 2505 MHz
2017/12/19 06:58:19.089, Tesla M60, 7613 MiB, 1109 MiB, 0 %, 0 %, 556 MHz, 2505 MHz
2017/12/19 06:58:19.190, Tesla M60, 7613 MiB, 1109 MiB, 0 %, 0 %, 556 MHz, 2505 MHz
2017/12/19 06:58:19.290, Tesla M60, 7613 MiB, 1109 MiB, 0 %, 0 %, 556 MHz, 2505 MHz
2017/12/19 06:58:19.391, Tesla M60, 7613 MiB, 1109 MiB, 0 %, 0 %, 556 MHz, 2505 MHz
2017/12/19 06:58:19.491, Tesla M60, 7613 MiB, 1109 MiB, 0 %, 0 %, 556 MHz, 2505 MHz
2017/12/19 06:58:19.591, Tesla M60, 7613 MiB, 1109 MiB, 0 %, 0 %, 556 MHz, 2505 MHz
2017/12/19 06:58:19.692, Tesla M60, 7613 MiB, 1109 MiB, 0 %, 0 %, 556 MHz, 2505 MHz
2017/12/19 06:58:19.792, Tesla M60, 7613 MiB, 1109 MiB, 0 %, 0 %, 556 MHz, 2505 MHz
2017/12/19 06:58:19.893, Tesla M60, 7613 MiB, 1109 MiB, 0 %, 0 %, 556 MHz, 2505 MHz
2017/12/19 06:58:19.993, Tesla M60, 7613 MiB, 1109 MiB, 0 %, 0 %, 556 MHz, 2505 MHz
2017/12/19 06:58:20.094, Tesla M60, 7613 MiB, 1109 MiB, 0 %, 0 %, 556 MHz, 2505 MHz
2017/12/19 06:58:20.194, Tesla M60, 7613 MiB, 1109 MiB, 0 %, 0 %, 556 MHz, 2505 MHz
2017/12/19 06:58:20.295, Tesla M60, 7613 MiB, 1109 MiB, 0 %, 0 %, 556 MHz, 2505 MHz
2017/12/19 06:58:20.395, Tesla M60, 7613 MiB, 1109 MiB, 0 %, 0 %, 556 MHz, 2505 MHz
2017/12/19 06:58:20.495, Tesla M60, 7613 MiB, 1109 MiB, 0 %, 0 %, 556 MHz, 2505 MHz
2017/12/19 06:58:20.596, Tesla M60, 7613 MiB, 1109 MiB, 0 %, 0 %, 556 MHz, 2505 MHz
2017/12/19 06:58:20.696, Tesla M60, 7613 MiB, 1109 MiB, 0 %, 0 %, 556 MHz, 2505 MHz
2017/12/19 06:58:20.797, Tesla M60, 7613 MiB, 1109 MiB, 0 %, 0 %, 556 MHz, 2505 MHz
2017/12/19 06:58:20.897, Tesla M60, 7613 MiB, 1109 MiB, 0 %, 0 %, 556 MHz, 2505 MHz
2017/12/19 06:58:20.998, Tesla M60, 7613 MiB, 1109 MiB, 0 %, 0 %, 556 MHz, 2505 MHz
2017/12/19 06:58:21.098, Tesla M60, 7613 MiB, 1109 MiB, 0 %, 0 %, 556 MHz, 2505 MHz
2017/12/19 06:58:21.199, Tesla M60, 7613 MiB, 1109 MiB, 0 %, 0 %, 556 MHz, 2505 MHz
2017/12/19 06:58:21.299, Tesla M60, 7613 MiB, 1109 MiB, 0 %, 0 %, 556 MHz, 2505 MHz
2017/12/19 06:58:21.400, Tesla M60, 7613 MiB, 1109 MiB, 0 %, 0 %, 556 MHz, 2505 MHz
2017/12/19 06:58:21.500, Tesla M60, 7613 MiB, 1109 MiB, 0 %, 0 %, 556 MHz, 2505 MHz
2017/12/19 06:58:21.600, Tesla M60, 7613 MiB, 1109 MiB, 0 %, 0 %, 556 MHz, 2505 MHz
2017/12/19 06:58:21.701, Tesla M60, 7613 MiB, 1109 MiB, 0 %, 0 %, 556 MHz, 2505 MHz
2017/12/19 06:58:21.801, Tesla M60, 7613 MiB, 1109 MiB, 0 %, 0 %, 556 MHz, 2505 MHz
2017/12/19 06:58:21.902, Tesla M60, 7613 MiB, 1109 MiB, 0 %, 0 %, 556 MHz, 2505 MHz
2017/12/19 06:58:22.002, Tesla M60, 7613 MiB, 1109 MiB, 0 %, 0 %, 556 MHz, 2505 MHz
2017/12/19 06:58:22.103, Tesla M60, 7613 MiB, 1109 MiB, 0 %, 0 %, 556 MHz, 2505 MHz
2017/12/19 06:58:22.203, Tesla M60, 7613 MiB, 1109 MiB, 0 %, 0 %, 556 MHz, 2505 MHz
2017/12/19 06:58:22.304, Tesla M60, 7613 MiB, 1109 MiB, 0 %, 0 %, 556 MHz, 2505 MHz
2017/12/19 06:58:22.404, Tesla M60, 7613 MiB, 1109 MiB, 0 %, 0 %, 556 MHz, 2505 MHz
2017/12/19 06:58:22.504, Tesla M60, 7613 MiB, 1109 MiB, 0 %, 0 %, 556 MHz, 2505 MHz
2017/12/19 06:58:22.605, Tesla M60, 7613 MiB, 1109 MiB, 0 %, 0 %, 556 MHz, 2505 MHz
2017/12/19 06:58:22.705, Tesla M60, 7613 MiB, 1109 MiB, 0 %, 0 %, 556 MHz, 2505 MHz
2017/12/19 06:58:22.806, Tesla M60, 7613 MiB, 1109 MiB, 0 %, 0 %, 556 MHz, 2505 MHz
2017/12/19 06:58:22.906, Tesla M60, 7613 MiB, 1109 MiB, 0 %, 0 %, 556 MHz, 2505 MHz
2017/12/19 06:58:23.007, Tesla M60, 7613 MiB, 1109 MiB, 0 %, 0 %, 556 MHz, 2505 MHz
2017/12/19 06:58:23.107, Tesla M60, 7613 MiB, 1109 MiB, 0 %, 0 %, 556 MHz, 2505 MHz
2017/12/19 06:58:23.208, Tesla M60, 7613 MiB, 1109 MiB, 0 %, 0 %, 556 MHz, 2505 MHz
2017/12/19 06:58:23.308, Tesla M60, 7613 MiB, 1109 MiB, 0 %, 0 %, 556 MHz, 2505 MHz
2017/12/19 06:58:23.409, Tesla M60, 7613 MiB, 1109 MiB, 0 %, 0 %, 556 MHz, 2505 MHz
2017/12/19 06:58:23.509, Tesla M60, 7613 MiB, 1109 MiB, 0 %, 0 %, 556 MHz, 2505 MHz
2017/12/19 06:58:23.610, Tesla M60, 7613 MiB, 1109 MiB, 0 %, 0 %, 556 MHz, 2505 MHz
2017/12/19 06:58:23.710, Tesla M60, 7613 MiB, 1109 MiB, 0 %, 0 %, 556 MHz, 2505 MHz
2017/12/19 06:58:23.810, Tesla M60, 7613 MiB, 1109 MiB, 0 %, 0 %, 556 MHz, 2505 MHz
2017/12/19 06:58:23.911, Tesla M60, 7613 MiB, 1109 MiB, 0 %, 0 %, 556 MHz, 2505 MHz
2017/12/19 06:58:24.011, Tesla M60, 7613 MiB, 1109 MiB, 0 %, 0 %, 556 MHz, 2505 MHz
2017/12/19 06:58:24.112, Tesla M60, 7613 MiB, 1109 MiB, 0 %, 0 %, 556 MHz, 2505 MHz
2017/12/19 06:58:24.212, Tesla M60, 7613 MiB, 1109 MiB, 0 %, 0 %, 556 MHz, 2505 MHz
2017/12/19 06:58:24.313, Tesla M60, 7613 MiB, 1109 MiB, 0 %, 0 %, 556 MHz, 2505 MHz
2017/12/19 06:58:24.413, Tesla M60, 7613 MiB, 1109 MiB, 0 %, 0 %, 556 MHz, 2505 MHz
2017/12/19 06:58:24.514, Tesla M60, 7613 MiB, 1109 MiB, 0 %, 0 %, 556 MHz, 2505 MHz
2017/12/19 06:58:24.614, Tesla M60, 7613 MiB, 1109 MiB, 0 %, 0 %, 556 MHz, 2505 MHz
2017/12/19 06:58:24.715, Tesla M60, 7613 MiB, 1109 MiB, 0 %, 0 %, 556 MHz, 2505 MHz
2017/12/19 06:58:24.815, Tesla M60, 7613 MiB, 1109 MiB, 0 %, 0 %, 556 MHz, 2505 MHz
2017/12/19 06:58:24.916, Tesla M60, 7613 MiB, 1109 MiB, 0 %, 0 %, 556 MHz, 2505 MHz
2017/12/19 06:58:25.016, Tesla M60, 7613 MiB, 1109 MiB, 0 %, 0 %, 556 MHz, 2505 MHz
2017/12/19 06:58:25.117, Tesla M60, 7613 MiB, 1109 MiB, 0 %, 0 %, 556 MHz, 2505 MHz
2017/12/19 06:58:25.217, Tesla M60, 7613 MiB, 1109 MiB, 0 %, 0 %, 556 MHz, 2505 MHz
2017/12/19 06:58:25.318, Tesla M60, 7613 MiB, 1109 MiB, 0 %, 0 %, 556 MHz, 2505 MHz
2017/12/19 06:58:25.418, Tesla M60, 7613 MiB, 1109 MiB, 0 %, 0 %, 556 MHz, 2505 MHz
2017/12/19 06:58:25.518, Tesla M60, 7613 MiB, 1109 MiB, 0 %, 0 %, 556 MHz, 2505 MHz
2017/12/19 06:58:25.619, Tesla M60, 7613 MiB, 1109 MiB, 0 %, 0 %, 556 MHz, 2505 MHz
2017/12/19 06:58:25.719, Tesla M60, 7613 MiB, 1109 MiB, 0 %, 0 %, 556 MHz, 2505 MHz
2017/12/19 06:58:25.820, Tesla M60, 7613 MiB, 1109 MiB, 0 %, 0 %, 556 MHz, 2505 MHz
2017/12/19 06:58:25.920, Tesla M60, 7613 MiB, 1109 MiB, 0 %, 0 %, 556 MHz, 2505 MHz
2017/12/19 06:58:26.021, Tesla M60, 7613 MiB, 1109 MiB, 0 %, 0 %, 556 MHz, 2505 MHz
2017/12/19 06:58:26.121, Tesla M60, 7613 MiB, 1109 MiB, 0 %, 0 %, 556 MHz, 2505 MHz
2017/12/19 06:58:26.222, Tesla M60, 7613 MiB, 1109 MiB, 0 %, 0 %, 556 MHz, 2505 MHz
2017/12/19 06:58:26.322, Tesla M60, 7613 MiB, 1109 MiB, 0 %, 0 %, 556 MHz, 2505 MHz
2017/12/19 06:58:26.423, Tesla M60, 7613 MiB, 1109 MiB, 0 %, 0 %, 556 MHz, 2505 MHz
2017/12/19 06:58:26.523, Tesla M60, 7613 MiB, 1109 MiB, 0 %, 0 %, 556 MHz, 2505 MHz
2017/12/19 06:58:26.624, Tesla M60, 7613 MiB, 1109 MiB, 0 %, 0 %, 556 MHz, 2505 MHz
2017/12/19 06:58:26.724, Tesla M60, 7613 MiB, 1109 MiB, 0 %, 0 %, 556 MHz, 2505 MHz
2017/12/19 06:58:26.825, Tesla M60, 7613 MiB, 1109 MiB, 0 %, 0 %, 556 MHz, 2505 MHz
2017/12/19 06:58:26.925, Tesla M60, 7613 MiB, 1109 MiB, 0 %, 0 %, 556 MHz, 2505 MHz
2017/12/19 06:58:27.026, Tesla M60, 7613 MiB, 1109 MiB, 0 %, 0 %, 556 MHz, 2505 MHz
2017/12/19 06:58:27.126, Tesla M60, 7613 MiB, 1109 MiB, 0 %, 0 %, 556 MHz, 2505 MHz
2017/12/19 06:58:27.227, Tesla M60, 7613 MiB, 1109 MiB, 0 %, 0 %, 556 MHz, 2505 MHz
2017/12/19 06:58:27.327, Tesla M60, 7613 MiB, 1109 MiB, 0 %, 0 %, 556 MHz, 2505 MHz
2017/12/19 06:58:27.427, Tesla M60, 7613 MiB, 1109 MiB, 0 %, 0 %, 556 MHz, 2505 MHz
2017/12/19 06:58:27.528, Tesla M60, 7613 MiB, 1109 MiB, 0 %, 0 %, 556 MHz, 2505 MHz
2017/12/19 06:58:27.628, Tesla M60, 7613 MiB, 1109 MiB, 0 %, 0 %, 556 MHz, 2505 MHz
2017/12/19 06:58:27.729, Tesla M60, 7613 MiB, 1109 MiB, 0 %, 0 %, 556 MHz, 2505 MHz
2017/12/19 06:58:27.829, Tesla M60, 7613 MiB, 1109 MiB, 0 %, 0 %, 556 MHz, 2505 MHz
2017/12/19 06:58:27.930, Tesla M60, 7613 MiB, 1109 MiB, 0 %, 0 %, 556 MHz, 2505 MHz
2017/12/19 06:58:28.030, Tesla M60, 7613 MiB, 1109 MiB, 0 %, 0 %, 556 MHz, 2505 MHz
2017/12/19 06:58:28.131, Tesla M60, 7613 MiB, 1109 MiB, 0 %, 0 %, 556 MHz, 2505 MHz
2017/12/19 06:58:28.231, Tesla M60, 7613 MiB, 1109 MiB, 0 %, 0 %, 556 MHz, 2505 MHz
2017/12/19 06:58:28.332, Tesla M60, 7613 MiB, 1109 MiB, 0 %, 0 %, 556 MHz, 2505 MHz
2017/12/19 06:58:28.432, Tesla M60, 7613 MiB, 1109 MiB, 0 %, 0 %, 556 MHz, 2505 MHz
2017/12/19 06:58:28.533, Tesla M60, 7613 MiB, 1109 MiB, 0 %, 0 %, 556 MHz, 2505 MHz
2017/12/19 06:58:28.633, Tesla M60, 7613 MiB, 1109 MiB, 0 %, 0 %, 556 MHz, 2505 MHz
2017/12/19 06:58:28.734, Tesla M60, 7613 MiB, 1109 MiB, 0 %, 0 %, 556 MHz, 2505 MHz
2017/12/19 06:58:28.834, Tesla M60, 7613 MiB, 1109 MiB, 0 %, 0 %, 556 MHz, 2505 MHz
2017/12/19 06:58:28.935, Tesla M60, 7613 MiB, 1109 MiB, 0 %, 0 %, 556 MHz, 2505 MHz
2017/12/19 06:58:29.035, Tesla M60, 7613 MiB, 1109 MiB, 0 %, 0 %, 556 MHz, 2505 MHz
2017/12/19 06:58:29.136, Tesla M60, 7613 MiB, 1109 MiB, 0 %, 0 %, 556 MHz, 2505 MHz
2017/12/19 06:58:29.236, Tesla M60, 7613 MiB, 1109 MiB, 0 %, 0 %, 556 MHz, 2505 MHz
2017/12/19 06:58:29.336, Tesla M60, 7613 MiB, 1109 MiB, 0 %, 0 %, 556 MHz, 2505 MHz
2017/12/19 06:58:29.437, Tesla M60, 7613 MiB, 1109 MiB, 0 %, 0 %, 556 MHz, 2505 MHz
2017/12/19 06:58:29.537, Tesla M60, 7613 MiB, 1109 MiB, 0 %, 0 %, 556 MHz, 2505 MHz
2017/12/19 06:58:29.638, Tesla M60, 7613 MiB, 1109 MiB, 0 %, 0 %, 556 MHz, 2505 MHz
2017/12/19 06:58:29.738, Tesla M60, 7613 MiB, 1109 MiB, 0 %, 0 %, 556 MHz, 2505 MHz
2017/12/19 06:58:29.839, Tesla M60, 7613 MiB, 1109 MiB, 0 %, 0 %, 556 MHz, 2505 MHz
2017/12/19 06:58:29.939, Tesla M60, 7613 MiB, 1109 MiB, 0 %, 0 %, 556 MHz, 2505 MHz
2017/12/19 06:58:30.040, Tesla M60, 7613 MiB, 1109 MiB, 0 %, 0 %, 556 MHz, 2505 MHz
2017/12/19 06:58:30.140, Tesla M60, 7613 MiB, 1109 MiB, 0 %, 0 %, 556 MHz, 2505 MHz
2017/12/19 06:58:30.240, Tesla M60, 7613 MiB, 1109 MiB, 0 %, 0 %, 556 MHz, 2505 MHz
2017/12/19 06:58:30.341, Tesla M60, 7613 MiB, 1109 MiB, 0 %, 0 %, 556 MHz, 2505 MHz
2017/12/19 06:58:30.441, Tesla M60, 7613 MiB, 1109 MiB, 0 %, 0 %, 556 MHz, 2505 MHz
2017/12/19 06:58:30.542, Tesla M60, 7613 MiB, 1109 MiB, 0 %, 0 %, 556 MHz, 2505 MHz
2017/12/19 06:58:30.642, Tesla M60, 7613 MiB, 1109 MiB, 0 %, 0 %, 556 MHz, 2505 MHz
2017/12/19 06:58:30.743, Tesla M60, 7613 MiB, 1109 MiB, 0 %, 0 %, 556 MHz, 2505 MHz
2017/12/19 06:58:30.843, Tesla M60, 7613 MiB, 1109 MiB, 0 %, 0 %, 556 MHz, 2505 MHz
2017/12/19 06:58:30.944, Tesla M60, 7613 MiB, 1109 MiB, 0 %, 0 %, 556 MHz, 2505 MHz
2017/12/19 06:58:31.044, Tesla M60, 7613 MiB, 1109 MiB, 0 %, 0 %, 556 MHz, 2505 MHz
2017/12/19 06:58:31.144, Tesla M60, 7613 MiB, 1109 MiB, 0 %, 0 %, 556 MHz, 2505 MHz
2017/12/19 06:58:31.245, Tesla M60, 7613 MiB, 1109 MiB, 0 %, 0 %, 556 MHz, 2505 MHz
2017/12/19 06:58:31.345, Tesla M60, 7613 MiB, 1109 MiB, 0 %, 0 %, 556 MHz, 2505 MHz
2017/12/19 06:58:31.446, Tesla M60, 7613 MiB, 1109 MiB, 0 %, 0 %, 556 MHz, 2505 MHz
2017/12/19 06:58:31.546, Tesla M60, 7613 MiB, 1109 MiB, 0 %, 0 %, 556 MHz, 2505 MHz
2017/12/19 06:58:31.647, Tesla M60, 7613 MiB, 1109 MiB, 0 %, 0 %, 556 MHz, 2505 MHz
2017/12/19 06:58:31.748, Tesla M60, 7613 MiB, 1109 MiB, 0 %, 0 %, 556 MHz, 2505 MHz
2017/12/19 06:58:31.848, Tesla M60, 7613 MiB, 1109 MiB, 0 %, 0 %, 556 MHz, 2505 MHz
2017/12/19 06:58:31.948, Tesla M60, 7613 MiB, 1109 MiB, 0 %, 0 %, 556 MHz, 2505 MHz
2017/12/19 06:58:32.049, Tesla M60, 7613 MiB, 1109 MiB, 0 %, 0 %, 556 MHz, 2505 MHz
2017/12/19 06:58:32.149, Tesla M60, 7613 MiB, 1109 MiB, 0 %, 0 %, 556 MHz, 2505 MHz
2017/12/19 06:58:32.250, Tesla M60, 7613 MiB, 1109 MiB, 0 %, 0 %, 556 MHz, 2505 MHz
2017/12/19 06:58:32.350, Tesla M60, 7613 MiB, 1109 MiB, 0 %, 0 %, 556 MHz, 2505 MHz
2017/12/19 06:58:32.451, Tesla M60, 7613 MiB, 1109 MiB, 0 %, 0 %, 556 MHz, 2505 MHz
2017/12/19 06:58:32.551, Tesla M60, 7613 MiB, 1109 MiB, 0 %, 0 %, 556 MHz, 2505 MHz
2017/12/19 06:58:32.652, Tesla M60, 7613 MiB, 1109 MiB, 0 %, 0 %, 556 MHz, 2505 MHz
2017/12/19 06:58:32.752, Tesla M60, 7613 MiB, 1109 MiB, 0 %, 0 %, 556 MHz, 2505 MHz
2017/12/19 06:58:32.852, Tesla M60, 7613 MiB, 1109 MiB, 0 %, 0 %, 556 MHz, 2505 MHz
2017/12/19 06:58:32.953, Tesla M60, 7613 MiB, 1109 MiB, 0 %, 0 %, 556 MHz, 2505 MHz
2017/12/19 06:58:33.053, Tesla M60, 7613 MiB, 1109 MiB, 0 %, 0 %, 556 MHz, 2505 MHz
2017/12/19 06:58:33.154, Tesla M60, 7613 MiB, 1109 MiB, 0 %, 0 %, 556 MHz, 2505 MHz
2017/12/19 06:58:33.254, Tesla M60, 7613 MiB, 1109 MiB, 0 %, 0 %, 556 MHz, 2505 MHz
2017/12/19 06:58:33.355, Tesla M60, 7613 MiB, 1109 MiB, 0 %, 0 %, 556 MHz, 2505 MHz
2017/12/19 06:58:33.455, Tesla M60, 7613 MiB, 1157 MiB, 91 %, 64 %, 632 MHz, 2505 MHz
2017/12/19 06:58:33.556, Tesla M60, 7613 MiB, 1157 MiB, 91 %, 64 %, 632 MHz, 2505 MHz
2017/12/19 06:58:33.656, Tesla M60, 7613 MiB, 1157 MiB, 99 %, 100 %, 708 MHz, 2505 MHz
2017/12/19 06:58:33.756, Tesla M60, 7613 MiB, 1157 MiB, 99 %, 100 %, 708 MHz, 2505 MHz
2017/12/19 06:58:33.857, Tesla M60, 7613 MiB, 1157 MiB, 72 %, 83 %, 784 MHz, 2505 MHz
2017/12/19 06:58:33.957, Tesla M60, 7613 MiB, 1109 MiB, 58 %, 64 %, 873 MHz, 2505 MHz
2017/12/19 06:58:34.058, Tesla M60, 7613 MiB, 1109 MiB, 58 %, 64 %, 873 MHz, 2505 MHz
2017/12/19 06:58:34.158, Tesla M60, 7613 MiB, 1109 MiB, 90 %, 100 %, 974 MHz, 2505 MHz
2017/12/19 06:58:34.258, Tesla M60, 7613 MiB, 1109 MiB, 90 %, 100 %, 974 MHz, 2505 MHz
2017/12/19 06:58:34.359, Tesla M60, 7613 MiB, 1109 MiB, 91 %, 100 %, 1075 MHz, 2505 MHz
2017/12/19 06:58:34.459, Tesla M60, 7613 MiB, 1109 MiB, 91 %, 100 %, 1177 MHz, 2505 MHz
2017/12/19 06:58:34.559, Tesla M60, 7613 MiB, 1109 MiB, 91 %, 100 %, 1177 MHz, 2505 MHz
2017/12/19 06:58:34.660, Tesla M60, 7613 MiB, 1109 MiB, 88 %, 94 %, 1177 MHz, 2505 MHz
2017/12/19 06:58:34.760, Tesla M60, 7613 MiB, 1109 MiB, 88 %, 94 %, 1177 MHz, 2505 MHz
2017/12/19 06:58:34.861, Tesla M60, 7613 MiB, 1109 MiB, 90 %, 97 %, 1177 MHz, 2505 MHz
2017/12/19 06:58:34.961, Tesla M60, 7613 MiB, 1109 MiB, 90 %, 97 %, 1177 MHz, 2505 MHz
2017/12/19 06:58:35.061, Tesla M60, 7613 MiB, 1109 MiB, 90 %, 97 %, 1177 MHz, 2505 MHz
2017/12/19 06:58:35.162, Tesla M60, 7613 MiB, 1109 MiB, 89 %, 95 %, 1177 MHz, 2505 MHz
2017/12/19 06:58:35.262, Tesla M60, 7613 MiB, 1109 MiB, 89 %, 95 %, 1177 MHz, 2505 MHz
2017/12/19 06:58:35.362, Tesla M60, 7613 MiB, 1109 MiB, 86 %, 93 %, 1177 MHz, 2505 MHz
2017/12/19 06:58:35.463, Tesla M60, 7613 MiB, 1109 MiB, 89 %, 96 %, 1177 MHz, 2505 MHz
2017/12/19 06:58:35.563, Tesla M60, 7613 MiB, 1109 MiB, 89 %, 96 %, 1177 MHz, 2505 MHz
2017/12/19 06:58:35.664, Tesla M60, 7613 MiB, 1109 MiB, 90 %, 97 %, 1177 MHz, 2505 MHz
2017/12/19 06:58:35.764, Tesla M60, 7613 MiB, 1109 MiB, 90 %, 97 %, 1177 MHz, 2505 MHz
2017/12/19 06:58:35.864, Tesla M60, 7613 MiB, 1109 MiB, 89 %, 96 %, 1177 MHz, 2505 MHz
2017/12/19 06:58:35.965, Tesla M60, 7613 MiB, 1109 MiB, 89 %, 96 %, 1177 MHz, 2505 MHz
2017/12/19 06:58:36.065, Tesla M60, 7613 MiB, 1109 MiB, 89 %, 96 %, 1177 MHz, 2505 MHz
2017/12/19 06:58:36.165, Tesla M60, 7613 MiB, 1109 MiB, 100 %, 100 %, 1177 MHz, 2505 MHz
2017/12/19 06:58:36.266, Tesla M60, 7613 MiB, 1109 MiB, 100 %, 100 %, 1177 MHz, 2505 MHz
2017/12/19 06:58:36.366, Tesla M60, 7613 MiB, 1109 MiB, 100 %, 100 %, 1177 MHz, 2505 MHz
2017/12/19 06:58:36.467, Tesla M60, 7613 MiB, 1109 MiB, 100 %, 100 %, 1177 MHz, 2505 MHz
2017/12/19 06:58:36.567, Tesla M60, 7613 MiB, 1109 MiB, 100 %, 100 %, 1177 MHz, 2505 MHz
2017/12/19 06:58:36.667, Tesla M60, 7613 MiB, 1109 MiB, 100 %, 100 %, 1177 MHz, 2505 MHz
2017/12/19 06:58:36.768, Tesla M60, 7613 MiB, 1109 MiB, 100 %, 100 %, 1177 MHz, 2505 MHz
2017/12/19 06:58:36.868, Tesla M60, 7613 MiB, 1109 MiB, 100 %, 100 %, 1177 MHz, 2505 MHz
2017/12/19 06:58:36.968, Tesla M60, 7613 MiB, 1109 MiB, 100 %, 100 %, 1177 MHz, 2505 MHz
2017/12/19 06:58:37.069, Tesla M60, 7613 MiB, 1109 MiB, 100 %, 100 %, 1177 MHz, 2505 MHz
2017/12/19 06:58:37.169, Tesla M60, 7613 MiB, 1109 MiB, 100 %, 100 %, 1177 MHz, 2505 MHz
2017/12/19 06:58:37.269, Tesla M60, 7613 MiB, 1109 MiB, 100 %, 100 %, 1177 MHz, 2505 MHz
2017/12/19 06:58:37.370, Tesla M60, 7613 MiB, 1109 MiB, 100 %, 100 %, 1177 MHz, 2505 MHz
2017/12/19 06:58:37.470, Tesla M60, 7613 MiB, 1109 MiB, 100 %, 100 %, 1177 MHz, 2505 MHz
2017/12/19 06:58:37.571, Tesla M60, 7613 MiB, 1109 MiB, 100 %, 100 %, 1177 MHz, 2505 MHz
2017/12/19 06:58:37.671, Tesla M60, 7613 MiB, 1109 MiB, 99 %, 100 %, 1177 MHz, 2505 MHz
2017/12/19 06:58:37.771, Tesla M60, 7613 MiB, 1109 MiB, 99 %, 100 %, 1177 MHz, 2505 MHz
2017/12/19 06:58:37.872, Tesla M60, 7613 MiB, 1109 MiB, 100 %, 100 %, 1177 MHz, 2505 MHz
2017/12/19 06:58:37.972, Tesla M60, 7613 MiB, 1109 MiB, 100 %, 100 %, 1177 MHz, 2505 MHz
2017/12/19 06:58:38.072, Tesla M60, 7613 MiB, 1109 MiB, 100 %, 100 %, 1177 MHz, 2505 MHz
2017/12/19 06:58:38.173, Tesla M60, 7613 MiB, 1109 MiB, 100 %, 100 %, 1177 MHz, 2505 MHz
2017/12/19 06:58:38.273, Tesla M60, 7613 MiB, 1109 MiB, 100 %, 100 %, 1177 MHz, 2505 MHz
2017/12/19 06:58:38.374, Tesla M60, 7613 MiB, 1109 MiB, 100 %, 100 %, 1177 MHz, 2505 MHz
2017/12/19 06:58:38.474, Tesla M60, 7613 MiB, 1109 MiB, 100 %, 100 %, 1177 MHz, 2505 MHz
2017/12/19 06:58:38.574, Tesla M60, 7613 MiB, 1109 MiB, 100 %, 100 %, 1177 MHz, 2505 MHz
2017/12/19 06:58:38.675, Tesla M60, 7613 MiB, 1109 MiB, 100 %, 100 %, 1177 MHz, 2505 MHz
2017/12/19 06:58:38.775, Tesla M60, 7613 MiB, 1109 MiB, 100 %, 100 %, 1177 MHz, 2505 MHz
2017/12/19 06:58:38.875, Tesla M60, 7613 MiB, 1109 MiB, 100 %, 100 %, 1177 MHz, 2505 MHz
2017/12/19 06:58:38.976, Tesla M60, 7613 MiB, 1109 MiB, 100 %, 100 %, 1177 MHz, 2505 MHz
2017/12/19 06:58:39.076, Tesla M60, 7613 MiB, 1109 MiB, 100 %, 100 %, 1177 MHz, 2505 MHz
2017/12/19 06:58:39.176, Tesla M60, 7613 MiB, 1109 MiB, 100 %, 100 %, 1177 MHz, 2505 MHz
2017/12/19 06:58:39.277, Tesla M60, 7613 MiB, 1109 MiB, 100 %, 100 %, 1177 MHz, 2505 MHz
2017/12/19 06:58:39.377, Tesla M60, 7613 MiB, 1109 MiB, 100 %, 100 %, 1177 MHz, 2505 MHz
2017/12/19 06:58:39.478, Tesla M60, 7613 MiB, 1109 MiB, 99 %, 100 %, 1177 MHz, 2505 MHz
2017/12/19 06:58:39.578, Tesla M60, 7613 MiB, 1109 MiB, 99 %, 100 %, 1177 MHz, 2505 MHz
2017/12/19 06:58:39.678, Tesla M60, 7613 MiB, 1109 MiB, 100 %, 100 %, 1177 MHz, 2505 MHz
2017/12/19 06:58:39.779, Tesla M60, 7613 MiB, 1109 MiB, 100 %, 100 %, 1177 MHz, 2505 MHz
2017/12/19 06:58:39.879, Tesla M60, 7613 MiB, 1109 MiB, 100 %, 100 %, 1177 MHz, 2505 MHz
2017/12/19 06:58:39.979, Tesla M60, 7613 MiB, 1109 MiB, 100 %, 100 %, 1177 MHz, 2505 MHz
2017/12/19 06:58:40.080, Tesla M60, 7613 MiB, 1109 MiB, 100 %, 100 %, 1177 MHz, 2505 MHz
2017/12/19 06:58:40.180, Tesla M60, 7613 MiB, 1109 MiB, 100 %, 100 %, 1177 MHz, 2505 MHz
2017/12/19 06:58:40.280, Tesla M60, 7613 MiB, 1109 MiB, 100 %, 100 %, 1177 MHz, 2505 MHz
2017/12/19 06:58:40.381, Tesla M60, 7613 MiB, 1109 MiB, 100 %, 100 %, 1177 MHz, 2505 MHz
2017/12/19 06:58:40.481, Tesla M60, 7613 MiB, 1109 MiB, 100 %, 100 %, 1177 MHz, 2505 MHz
2017/12/19 06:58:40.582, Tesla M60, 7613 MiB, 1109 MiB, 100 %, 100 %, 1177 MHz, 2505 MHz
2017/12/19 06:58:40.682, Tesla M60, 7613 MiB, 1109 MiB, 100 %, 100 %, 1177 MHz, 2505 MHz
2017/12/19 06:58:40.782, Tesla M60, 7613 MiB, 1109 MiB, 100 %, 100 %, 1177 MHz, 2505 MHz
2017/12/19 06:58:40.883, Tesla M60, 7613 MiB, 1109 MiB, 100 %, 100 %, 1177 MHz, 2505 MHz
2017/12/19 06:58:40.983, Tesla M60, 7613 MiB, 1109 MiB, 100 %, 100 %, 1177 MHz, 2505 MHz
2017/12/19 06:58:41.083, Tesla M60, 7613 MiB, 1109 MiB, 100 %, 100 %, 1177 MHz, 2505 MHz
2017/12/19 06:58:41.184, Tesla M60, 7613 MiB, 1109 MiB, 100 %, 100 %, 1177 MHz, 2505 MHz
2017/12/19 06:58:41.284, Tesla M60, 7613 MiB, 1109 MiB, 100 %, 100 %, 1177 MHz, 2505 MHz
2017/12/19 06:58:41.384, Tesla M60, 7613 MiB, 1109 MiB, 100 %, 100 %, 1177 MHz, 2505 MHz
2017/12/19 06:58:41.485, Tesla M60, 7613 MiB, 1109 MiB, 100 %, 100 %, 1177 MHz, 2505 MHz
2017/12/19 06:58:41.585, Tesla M60, 7613 MiB, 1109 MiB, 100 %, 100 %, 1177 MHz, 2505 MHz
2017/12/19 06:58:41.686, Tesla M60, 7613 MiB, 1109 MiB, 100 %, 100 %, 1177 MHz, 2505 MHz
2017/12/19 06:58:41.786, Tesla M60, 7613 MiB, 1109 MiB, 100 %, 100 %, 1177 MHz, 2505 MHz
2017/12/19 06:58:41.886, Tesla M60, 7613 MiB, 1109 MiB, 100 %, 100 %, 1177 MHz, 2505 MHz
2017/12/19 06:58:41.987, Tesla M60, 7613 MiB, 1109 MiB, 100 %, 100 %, 1177 MHz, 2505 MHz
2017/12/19 06:58:42.087, Tesla M60, 7613 MiB, 1109 MiB, 100 %, 100 %, 1177 MHz, 2505 MHz
2017/12/19 06:58:42.187, Tesla M60, 7613 MiB, 1109 MiB, 100 %, 100 %, 1177 MHz, 2505 MHz
2017/12/19 06:58:42.288, Tesla M60, 7613 MiB, 1109 MiB, 100 %, 100 %, 1177 MHz, 2505 MHz
2017/12/19 06:58:42.388, Tesla M60, 7613 MiB, 1109 MiB, 100 %, 100 %, 1177 MHz, 2505 MHz
2017/12/19 06:58:42.488, Tesla M60, 7613 MiB, 1109 MiB, 100 %, 100 %, 1177 MHz, 2505 MHz
2017/12/19 06:58:42.589, Tesla M60, 7613 MiB, 1109 MiB, 100 %, 100 %, 1177 MHz, 2505 MHz
2017/12/19 06:58:42.689, Tesla M60, 7613 MiB, 1109 MiB, 100 %, 100 %, 1177 MHz, 2505 MHz
2017/12/19 06:58:42.789, Tesla M60, 7613 MiB, 1109 MiB, 100 %, 100 %, 1177 MHz, 2505 MHz
2017/12/19 06:58:42.890, Tesla M60, 7613 MiB, 1109 MiB, 100 %, 100 %, 1177 MHz, 2505 MHz
2017/12/19 06:58:42.990, Tesla M60, 7613 MiB, 1109 MiB, 100 %, 100 %, 1177 MHz, 2505 MHz
2017/12/19 06:58:43.091, Tesla M60, 7613 MiB, 1109 MiB, 100 %, 100 %, 1177 MHz, 2505 MHz
2017/12/19 06:58:43.191, Tesla M60, 7613 MiB, 1109 MiB, 100 %, 100 %, 1177 MHz, 2505 MHz
2017/12/19 06:58:43.291, Tesla M60, 7613 MiB, 1109 MiB, 100 %, 100 %, 1177 MHz, 2505 MHz
2017/12/19 06:58:43.392, Tesla M60, 7613 MiB, 1109 MiB, 100 %, 100 %, 1177 MHz, 2505 MHz
2017/12/19 06:58:43.492, Tesla M60, 7613 MiB, 1109 MiB, 100 %, 100 %, 1177 MHz, 2505 MHz
2017/12/19 06:58:43.592, Tesla M60, 7613 MiB, 1109 MiB, 100 %, 100 %, 1177 MHz, 2505 MHz
2017/12/19 06:58:43.693, Tesla M60, 7613 MiB, 1109 MiB, 100 %, 100 %, 1177 MHz, 2505 MHz
2017/12/19 06:58:43.793, Tesla M60, 7613 MiB, 1109 MiB, 100 %, 100 %, 1177 MHz, 2505 MHz
2017/12/19 06:58:43.894, Tesla M60, 7613 MiB, 1109 MiB, 100 %, 100 %, 1177 MHz, 2505 MHz
2017/12/19 06:58:43.994, Tesla M60, 7613 MiB, 1109 MiB, 100 %, 100 %, 1177 MHz, 2505 MHz
2017/12/19 06:58:44.094, Tesla M60, 7613 MiB, 1109 MiB, 100 %, 100 %, 1177 MHz, 2505 MHz
2017/12/19 06:58:44.195, Tesla M60, 7613 MiB, 1109 MiB, 100 %, 100 %, 1177 MHz, 2505 MHz
2017/12/19 06:58:44.295, Tesla M60, 7613 MiB, 1109 MiB, 100 %, 100 %, 1177 MHz, 2505 MHz
2017/12/19 06:58:44.395, Tesla M60, 7613 MiB, 1109 MiB, 100 %, 100 %, 1177 MHz, 2505 MHz
2017/12/19 06:58:44.496, Tesla M60, 7613 MiB, 1109 MiB, 99 %, 100 %, 1177 MHz, 2505 MHz
2017/12/19 06:58:44.596, Tesla M60, 7613 MiB, 1109 MiB, 99 %, 100 %, 1177 MHz, 2505 MHz
2017/12/19 06:58:44.696, Tesla M60, 7613 MiB, 1109 MiB, 100 %, 100 %, 1177 MHz, 2505 MHz
2017/12/19 06:58:44.797, Tesla M60, 7613 MiB, 1109 MiB, 100 %, 100 %, 1177 MHz, 2505 MHz
2017/12/19 06:58:44.897, Tesla M60, 7613 MiB, 1109 MiB, 100 %, 100 %, 1177 MHz, 2505 MHz
2017/12/19 06:58:44.998, Tesla M60, 7613 MiB, 1109 MiB, 100 %, 100 %, 1177 MHz, 2505 MHz
2017/12/19 06:58:45.098, Tesla M60, 7613 MiB, 1109 MiB, 100 %, 100 %, 1177 MHz, 2505 MHz
2017/12/19 06:58:45.198, Tesla M60, 7613 MiB, 1109 MiB, 100 %, 100 %, 1177 MHz, 2505 MHz
2017/12/19 06:58:45.299, Tesla M60, 7613 MiB, 1109 MiB, 100 %, 100 %, 1177 MHz, 2505 MHz
2017/12/19 06:58:45.399, Tesla M60, 7613 MiB, 1109 MiB, 100 %, 100 %, 1177 MHz, 2505 MHz
2017/12/19 06:58:45.499, Tesla M60, 7613 MiB, 1109 MiB, 100 %, 100 %, 1177 MHz, 2505 MHz
2017/12/19 06:58:45.600, Tesla M60, 7613 MiB, 1109 MiB, 100 %, 100 %, 1177 MHz, 2505 MHz
2017/12/19 06:58:45.700, Tesla M60, 7613 MiB, 1109 MiB, 100 %, 100 %, 1177 MHz, 2505 MHz
2017/12/19 06:58:45.800, Tesla M60, 7613 MiB, 1109 MiB, 100 %, 100 %, 1177 MHz, 2505 MHz
2017/12/19 06:58:45.901, Tesla M60, 7613 MiB, 1109 MiB, 100 %, 100 %, 1177 MHz, 2505 MHz
2017/12/19 06:58:46.001, Tesla M60, 7613 MiB, 1109 MiB, 100 %, 100 %, 1177 MHz, 2505 MHz
2017/12/19 06:58:46.102, Tesla M60, 7613 MiB, 1109 MiB, 100 %, 100 %, 1177 MHz, 2505 MHz
2017/12/19 06:58:46.202, Tesla M60, 7613 MiB, 1109 MiB, 100 %, 100 %, 1177 MHz, 2505 MHz
2017/12/19 06:58:46.302, Tesla M60, 7613 MiB, 1109 MiB, 100 %, 100 %, 1177 MHz, 2505 MHz
2017/12/19 06:58:46.403, Tesla M60, 7613 MiB, 1109 MiB, 100 %, 100 %, 1177 MHz, 2505 MHz
2017/12/19 06:58:46.503, Tesla M60, 7613 MiB, 1109 MiB, 100 %, 100 %, 1177 MHz, 2505 MHz
2017/12/19 06:58:46.603, Tesla M60, 7613 MiB, 1109 MiB, 100 %, 100 %, 1177 MHz, 2505 MHz
2017/12/19 06:58:46.704, Tesla M60, 7613 MiB, 1109 MiB, 100 %, 100 %, 1177 MHz, 2505 MHz
2017/12/19 06:58:46.804, Tesla M60, 7613 MiB, 1109 MiB, 100 %, 100 %, 1177 MHz, 2505 MHz
2017/12/19 06:58:46.904, Tesla M60, 7613 MiB, 1109 MiB, 100 %, 100 %, 1177 MHz, 2505 MHz
2017/12/19 06:58:47.005, Tesla M60, 7613 MiB, 1109 MiB, 100 %, 100 %, 1177 MHz, 2505 MHz
2017/12/19 06:58:47.105, Tesla M60, 7613 MiB, 1109 MiB, 100 %, 100 %, 1177 MHz, 2505 MHz
2017/12/19 06:58:47.206, Tesla M60, 7613 MiB, 1109 MiB, 100 %, 100 %, 1177 MHz, 2505 MHz
2017/12/19 06:58:47.306, Tesla M60, 7613 MiB, 1109 MiB, 100 %, 100 %, 1177 MHz, 2505 MHz
2017/12/19 06:58:47.406, Tesla M60, 7613 MiB, 1109 MiB, 100 %, 100 %, 1177 MHz, 2505 MHz
2017/12/19 06:58:47.507, Tesla M60, 7613 MiB, 1109 MiB, 100 %, 100 %, 1177 MHz, 2505 MHz
2017/12/19 06:58:47.607, Tesla M60, 7613 MiB, 1109 MiB, 100 %, 100 %, 1177 MHz, 2505 MHz
2017/12/19 06:58:47.707, Tesla M60, 7613 MiB, 1109 MiB, 100 %, 100 %, 1177 MHz, 2505 MHz
2017/12/19 06:58:47.808, Tesla M60, 7613 MiB, 1109 MiB, 99 %, 100 %, 1177 MHz, 2505 MHz
2017/12/19 06:58:47.908, Tesla M60, 7613 MiB, 1109 MiB, 99 %, 100 %, 1177 MHz, 2505 MHz
2017/12/19 06:58:48.008, Tesla M60, 7613 MiB, 1109 MiB, 100 %, 100 %, 1177 MHz, 2505 MHz
2017/12/19 06:58:48.109, Tesla M60, 7613 MiB, 1109 MiB, 100 %, 100 %, 1177 MHz, 2505 MHz
2017/12/19 06:58:48.209, Tesla M60, 7613 MiB, 1109 MiB, 100 %, 100 %, 1177 MHz, 2505 MHz
2017/12/19 06:58:48.310, Tesla M60, 7613 MiB, 1109 MiB, 100 %, 100 %, 1177 MHz, 2505 MHz
2017/12/19 06:58:48.410, Tesla M60, 7613 MiB, 1109 MiB, 100 %, 100 %, 1177 MHz, 2505 MHz
2017/12/19 06:58:48.510, Tesla M60, 7613 MiB, 1109 MiB, 100 %, 100 %, 1177 MHz, 2505 MHz
2017/12/19 06:58:48.611, Tesla M60, 7613 MiB, 1109 MiB, 100 %, 100 %, 1177 MHz, 2505 MHz
2017/12/19 06:58:48.711, Tesla M60, 7613 MiB, 1109 MiB, 100 %, 100 %, 1177 MHz, 2505 MHz
2017/12/19 06:58:48.811, Tesla M60, 7613 MiB, 1109 MiB, 100 %, 100 %, 1177 MHz, 2505 MHz
2017/12/19 06:58:48.912, Tesla M60, 7613 MiB, 1109 MiB, 100 %, 100 %, 1177 MHz, 2505 MHz
2017/12/19 06:58:49.012, Tesla M60, 7613 MiB, 1109 MiB, 100 %, 100 %, 1177 MHz, 2505 MHz
2017/12/19 06:58:49.112, Tesla M60, 7613 MiB, 1109 MiB, 100 %, 100 %, 1177 MHz, 2505 MHz
2017/12/19 06:58:49.213, Tesla M60, 7613 MiB, 1109 MiB, 100 %, 100 %, 1177 MHz, 2505 MHz
2017/12/19 06:58:49.313, Tesla M60, 7613 MiB, 1109 MiB, 100 %, 100 %, 1177 MHz, 2505 MHz
2017/12/19 06:58:49.414, Tesla M60, 7613 MiB, 1109 MiB, 100 %, 100 %, 1177 MHz, 2505 MHz
2017/12/19 06:58:49.514, Tesla M60, 7613 MiB, 1109 MiB, 100 %, 100 %, 1177 MHz, 2505 MHz
2017/12/19 06:58:49.614, Tesla M60, 7613 MiB, 1109 MiB, 100 %, 100 %, 1177 MHz, 2505 MHz
2017/12/19 06:58:49.715, Tesla M60, 7613 MiB, 1109 MiB, 100 %, 100 %, 1177 MHz, 2505 MHz
2017/12/19 06:58:49.815, Tesla M60, 7613 MiB, 1109 MiB, 100 %, 100 %, 1177 MHz, 2505 MHz
2017/12/19 06:58:49.915, Tesla M60, 7613 MiB, 1109 MiB, 100 %, 100 %, 1177 MHz, 2505 MHz
2017/12/19 06:58:50.016, Tesla M60, 7613 MiB, 1109 MiB, 100 %, 100 %, 1177 MHz, 2505 MHz
2017/12/19 06:58:50.116, Tesla M60, 7613 MiB, 1109 MiB, 100 %, 100 %, 1177 MHz, 2505 MHz
2017/12/19 06:58:50.216, Tesla M60, 7613 MiB, 1109 MiB, 100 %, 100 %, 1177 MHz, 2505 MHz
2017/12/19 06:58:50.317, Tesla M60, 7613 MiB, 1109 MiB, 100 %, 100 %, 1177 MHz, 2505 MHz
2017/12/19 06:58:50.417, Tesla M60, 7613 MiB, 1109 MiB, 100 %, 100 %, 1177 MHz, 2505 MHz
2017/12/19 06:58:50.518, Tesla M60, 7613 MiB, 1109 MiB, 100 %, 100 %, 1177 MHz, 2505 MHz
2017/12/19 06:58:50.618, Tesla M60, 7613 MiB, 1109 MiB, 100 %, 100 %, 1177 MHz, 2505 MHz
2017/12/19 06:58:50.718, Tesla M60, 7613 MiB, 1109 MiB, 100 %, 100 %, 1177 MHz, 2505 MHz
2017/12/19 06:58:50.819, Tesla M60, 7613 MiB, 1109 MiB, 100 %, 100 %, 1177 MHz, 2505 MHz
2017/12/19 06:58:50.919, Tesla M60, 7613 MiB, 1109 MiB, 100 %, 100 %, 1177 MHz, 2505 MHz
2017/12/19 06:58:51.019, Tesla M60, 7613 MiB, 1109 MiB, 100 %, 100 %, 1177 MHz, 2505 MHz
2017/12/19 06:58:51.120, Tesla M60, 7613 MiB, 1109 MiB, 100 %, 100 %, 1177 MHz, 2505 MHz
2017/12/19 06:58:51.220, Tesla M60, 7613 MiB, 1109 MiB, 100 %, 100 %, 1177 MHz, 2505 MHz
2017/12/19 06:58:51.320, Tesla M60, 7613 MiB, 1109 MiB, 99 %, 100 %, 1177 MHz, 2505 MHz
2017/12/19 06:58:51.421, Tesla M60, 7613 MiB, 1109 MiB, 99 %, 100 %, 1177 MHz, 2505 MHz
2017/12/19 06:58:51.521, Tesla M60, 7613 MiB, 1109 MiB, 100 %, 100 %, 1177 MHz, 2505 MHz
2017/12/19 06:58:51.622, Tesla M60, 7613 MiB, 1109 MiB, 100 %, 100 %, 1177 MHz, 2505 MHz
2017/12/19 06:58:51.722, Tesla M60, 7613 MiB, 1109 MiB, 100 %, 100 %, 1177 MHz, 2505 MHz
2017/12/19 06:58:51.822, Tesla M60, 7613 MiB, 1109 MiB, 100 %, 100 %, 1177 MHz, 2505 MHz
2017/12/19 06:58:51.923, Tesla M60, 7613 MiB, 1109 MiB, 100 %, 100 %, 1177 MHz, 2505 MHz
2017/12/19 06:58:52.023, Tesla M60, 7613 MiB, 1109 MiB, 100 %, 100 %, 1177 MHz, 2505 MHz
2017/12/19 06:58:52.123, Tesla M60, 7613 MiB, 1109 MiB, 100 %, 100 %, 1177 MHz, 2505 MHz
2017/12/19 06:58:52.224, Tesla M60, 7613 MiB, 1109 MiB, 100 %, 100 %, 1177 MHz, 2505 MHz
2017/12/19 06:58:52.324, Tesla M60, 7613 MiB, 1109 MiB, 100 %, 100 %, 1177 MHz, 2505 MHz
2017/12/19 06:58:52.424, Tesla M60, 7613 MiB, 1109 MiB, 100 %, 100 %, 1177 MHz, 2505 MHz
2017/12/19 06:58:52.525, Tesla M60, 7613 MiB, 1109 MiB, 100 %, 100 %, 1177 MHz, 2505 MHz
2017/12/19 06:58:52.625, Tesla M60, 7613 MiB, 1109 MiB, 100 %, 100 %, 1177 MHz, 2505 MHz
2017/12/19 06:58:52.726, Tesla M60, 7613 MiB, 1109 MiB, 100 %, 100 %, 1177 MHz, 2505 MHz
2017/12/19 06:58:52.826, Tesla M60, 7613 MiB, 1109 MiB, 100 %, 100 %, 1177 MHz, 2505 MHz
2017/12/19 06:58:52.926, Tesla M60, 7613 MiB, 1109 MiB, 100 %, 100 %, 1177 MHz, 2505 MHz
2017/12/19 06:58:53.027, Tesla M60, 7613 MiB, 1109 MiB, 100 %, 100 %, 1177 MHz, 2505 MHz
2017/12/19 06:58:53.127, Tesla M60, 7613 MiB, 1109 MiB, 100 %, 100 %, 1177 MHz, 2505 MHz
2017/12/19 06:58:53.227, Tesla M60, 7613 MiB, 1109 MiB, 100 %, 100 %, 1177 MHz, 2505 MHz
2017/12/19 06:58:53.328, Tesla M60, 7613 MiB, 1109 MiB, 100 %, 100 %, 1177 MHz, 2505 MHz
2017/12/19 06:58:53.428, Tesla M60, 7613 MiB, 1109 MiB, 100 %, 100 %, 1177 MHz, 2505 MHz
2017/12/19 06:58:53.528, Tesla M60, 7613 MiB, 1109 MiB, 100 %, 100 %, 1177 MHz, 2505 MHz
2017/12/19 06:58:53.629, Tesla M60, 7613 MiB, 1109 MiB, 100 %, 100 %, 1177 MHz, 2505 MHz
2017/12/19 06:58:53.729, Tesla M60, 7613 MiB, 1109 MiB, 100 %, 100 %, 1177 MHz, 2505 MHz
2017/12/19 06:58:53.830, Tesla M60, 7613 MiB, 1109 MiB, 100 %, 100 %, 1177 MHz, 2505 MHz
2017/12/19 06:58:53.930, Tesla M60, 7613 MiB, 1109 MiB, 100 %, 100 %, 1177 MHz, 2505 MHz
2017/12/19 06:58:54.030, Tesla M60, 7613 MiB, 1109 MiB, 100 %, 100 %, 1177 MHz, 2505 MHz
2017/12/19 06:58:54.131, Tesla M60, 7613 MiB, 1109 MiB, 100 %, 100 %, 1177 MHz, 2505 MHz
2017/12/19 06:58:54.231, Tesla M60, 7613 MiB, 1109 MiB, 100 %, 100 %, 1177 MHz, 2505 MHz
2017/12/19 06:58:54.331, Tesla M60, 7613 MiB, 1109 MiB, 100 %, 100 %, 1177 MHz, 2505 MHz
2017/12/19 06:58:54.432, Tesla M60, 7613 MiB, 1109 MiB, 100 %, 100 %, 1177 MHz, 2505 MHz
2017/12/19 06:58:54.532, Tesla M60, 7613 MiB, 1109 MiB, 100 %, 100 %, 1177 MHz, 2505 MHz
2017/12/19 06:58:54.632, Tesla M60, 7613 MiB, 1109 MiB, 100 %, 100 %, 1177 MHz, 2505 MHz
2017/12/19 06:58:54.733, Tesla M60, 7613 MiB, 1109 MiB, 100 %, 100 %, 1177 MHz, 2505 MHz
2017/12/19 06:58:54.833, Tesla M60, 7613 MiB, 1109 MiB, 100 %, 100 %, 1177 MHz, 2505 MHz
2017/12/19 06:58:54.934, Tesla M60, 7613 MiB, 1109 MiB, 100 %, 100 %, 1177 MHz, 2505 MHz
2017/12/19 06:58:55.034, Tesla M60, 7613 MiB, 1109 MiB, 100 %, 100 %, 1177 MHz, 2505 MHz
2017/12/19 06:58:55.134, Tesla M60, 7613 MiB, 1109 MiB, 100 %, 100 %, 1177 MHz, 2505 MHz
2017/12/19 06:58:55.235, Tesla M60, 7613 MiB, 1109 MiB, 100 %, 100 %, 1177 MHz, 2505 MHz
2017/12/19 06:58:55.335, Tesla M60, 7613 MiB, 1109 MiB, 100 %, 100 %, 1177 MHz, 2505 MHz
2017/12/19 06:58:55.435, Tesla M60, 7613 MiB, 1109 MiB, 100 %, 100 %, 1177 MHz, 2505 MHz
2017/12/19 06:58:55.536, Tesla M60, 7613 MiB, 1109 MiB, 100 %, 100 %, 1177 MHz, 2505 MHz
2017/12/19 06:58:55.636, Tesla M60, 7613 MiB, 1109 MiB, 100 %, 100 %, 1177 MHz, 2505 MHz
2017/12/19 06:58:55.736, Tesla M60, 7613 MiB, 1109 MiB, 100 %, 100 %, 1177 MHz, 2505 MHz
2017/12/19 06:58:55.837, Tesla M60, 7613 MiB, 1109 MiB, 100 %, 100 %, 1177 MHz, 2505 MHz
2017/12/19 06:58:55.937, Tesla M60, 7613 MiB, 1109 MiB, 100 %, 100 %, 1177 MHz, 2505 MHz
2017/12/19 06:58:56.038, Tesla M60, 7613 MiB, 1109 MiB, 100 %, 100 %, 1177 MHz, 2505 MHz
2017/12/19 06:58:56.138, Tesla M60, 7613 MiB, 1109 MiB, 100 %, 100 %, 1177 MHz, 2505 MHz
2017/12/19 06:58:56.238, Tesla M60, 7613 MiB, 1109 MiB, 100 %, 100 %, 1177 MHz, 2505 MHz
2017/12/19 06:58:56.339, Tesla M60, 7613 MiB, 1109 MiB, 99 %, 100 %, 1177 MHz, 2505 MHz
2017/12/19 06:58:56.439, Tesla M60, 7613 MiB, 1109 MiB, 99 %, 100 %, 1177 MHz, 2505 MHz
2017/12/19 06:58:56.539, Tesla M60, 7613 MiB, 1109 MiB, 100 %, 100 %, 1177 MHz, 2505 MHz
2017/12/19 06:58:56.640, Tesla M60, 7613 MiB, 1109 MiB, 100 %, 100 %, 1177 MHz, 2505 MHz
2017/12/19 06:58:56.740, Tesla M60, 7613 MiB, 1109 MiB, 100 %, 100 %, 1177 MHz, 2505 MHz
2017/12/19 06:58:56.840, Tesla M60, 7613 MiB, 1109 MiB, 100 %, 100 %, 1177 MHz, 2505 MHz
2017/12/19 06:58:56.941, Tesla M60, 7613 MiB, 1109 MiB, 100 %, 100 %, 1177 MHz, 2505 MHz
2017/12/19 06:58:57.041, Tesla M60, 7613 MiB, 1109 MiB, 100 %, 100 %, 1177 MHz, 2505 MHz
2017/12/19 06:58:57.142, Tesla M60, 7613 MiB, 1109 MiB, 100 %, 100 %, 1177 MHz, 2505 MHz
2017/12/19 06:58:57.242, Tesla M60, 7613 MiB, 1109 MiB, 100 %, 100 %, 1177 MHz, 2505 MHz
2017/12/19 06:58:57.342, Tesla M60, 7613 MiB, 1109 MiB, 100 %, 100 %, 1177 MHz, 2505 MHz
2017/12/19 06:58:57.443, Tesla M60, 7613 MiB, 1109 MiB, 100 %, 100 %, 1177 MHz, 2505 MHz
2017/12/19 06:58:57.543, Tesla M60, 7613 MiB, 1109 MiB, 100 %, 100 %, 1177 MHz, 2505 MHz
2017/12/19 06:58:57.643, Tesla M60, 7613 MiB, 1109 MiB, 100 %, 100 %, 1177 MHz, 2505 MHz
2017/12/19 06:58:57.744, Tesla M60, 7613 MiB, 1109 MiB, 100 %, 100 %, 1177 MHz, 2505 MHz
2017/12/19 06:58:57.844, Tesla M60, 7613 MiB, 1109 MiB, 100 %, 100 %, 1177 MHz, 2505 MHz
2017/12/19 06:58:57.944, Tesla M60, 7613 MiB, 1109 MiB, 100 %, 100 %, 1177 MHz, 2505 MHz
2017/12/19 06:58:58.045, Tesla M60, 7613 MiB, 1109 MiB, 100 %, 100 %, 1177 MHz, 2505 MHz
2017/12/19 06:58:58.145, Tesla M60, 7613 MiB, 1109 MiB, 100 %, 100 %, 1177 MHz, 2505 MHz
2017/12/19 06:58:58.246, Tesla M60, 7613 MiB, 1109 MiB, 100 %, 100 %, 1177 MHz, 2505 MHz
2017/12/19 06:58:58.346, Tesla M60, 7613 MiB, 1109 MiB, 100 %, 100 %, 1177 MHz, 2505 MHz
2017/12/19 06:58:58.446, Tesla M60, 7613 MiB, 1109 MiB, 100 %, 100 %, 1177 MHz, 2505 MHz
2017/12/19 06:58:58.547, Tesla M60, 7613 MiB, 1109 MiB, 100 %, 100 %, 1177 MHz, 2505 MHz
2017/12/19 06:58:58.647, Tesla M60, 7613 MiB, 1109 MiB, 100 %, 100 %, 1177 MHz, 2505 MHz
2017/12/19 06:58:58.747, Tesla M60, 7613 MiB, 1109 MiB, 100 %, 100 %, 1177 MHz, 2505 MHz
2017/12/19 06:58:58.848, Tesla M60, 7613 MiB, 1109 MiB, 100 %, 100 %, 1177 MHz, 2505 MHz
2017/12/19 06:58:58.948, Tesla M60, 7613 MiB, 1109 MiB, 100 %, 100 %, 1177 MHz, 2505 MHz
2017/12/19 06:58:59.048, Tesla M60, 7613 MiB, 1109 MiB, 100 %, 100 %, 1177 MHz, 2505 MHz
2017/12/19 06:58:59.149, Tesla M60, 7613 MiB, 1109 MiB, 100 %, 100 %, 1177 MHz, 2505 MHz
2017/12/19 06:58:59.249, Tesla M60, 7613 MiB, 1109 MiB, 100 %, 100 %, 1177 MHz, 2505 MHz
2017/12/19 06:58:59.350, Tesla M60, 7613 MiB, 1109 MiB, 100 %, 100 %, 1177 MHz, 2505 MHz
2017/12/19 06:58:59.450, Tesla M60, 7613 MiB, 1109 MiB, 100 %, 100 %, 1177 MHz, 2505 MHz
2017/12/19 06:58:59.550, Tesla M60, 7613 MiB, 1109 MiB, 100 %, 100 %, 1177 MHz, 2505 MHz
2017/12/19 06:58:59.651, Tesla M60, 7613 MiB, 1109 MiB, 100 %, 100 %, 1177 MHz, 2505 MHz
2017/12/19 06:58:59.751, Tesla M60, 7613 MiB, 1109 MiB, 100 %, 100 %, 1177 MHz, 2505 MHz
2017/12/19 06:58:59.851, Tesla M60, 7613 MiB, 1109 MiB, 100 %, 100 %, 1177 MHz, 2505 MHz
2017/12/19 06:58:59.952, Tesla M60, 7613 MiB, 1109 MiB, 100 %, 100 %, 1177 MHz, 2505 MHz
2017/12/19 06:59:00.052, Tesla M60, 7613 MiB, 1109 MiB, 100 %, 100 %, 1177 MHz, 2505 MHz
2017/12/19 06:59:00.152, Tesla M60, 7613 MiB, 1109 MiB, 100 %, 100 %, 1177 MHz, 2505 MHz
2017/12/19 06:59:00.253, Tesla M60, 7613 MiB, 1109 MiB, 100 %, 100 %, 1177 MHz, 2505 MHz
2017/12/19 06:59:00.353, Tesla M60, 7613 MiB, 1109 MiB, 100 %, 100 %, 1177 MHz, 2505 MHz
2017/12/19 06:59:00.454, Tesla M60, 7613 MiB, 1109 MiB, 100 %, 100 %, 1177 MHz, 2505 MHz
2017/12/19 06:59:00.554, Tesla M60, 7613 MiB, 1109 MiB, 100 %, 100 %, 1177 MHz, 2505 MHz
2017/12/19 06:59:00.654, Tesla M60, 7613 MiB, 1109 MiB, 100 %, 100 %, 1177 MHz, 2505 MHz
2017/12/19 06:59:00.755, Tesla M60, 7613 MiB, 1109 MiB, 100 %, 100 %, 1177 MHz, 2505 MHz
2017/12/19 06:59:00.855, Tesla M60, 7613 MiB, 1109 MiB, 100 %, 100 %, 1177 MHz, 2505 MHz
2017/12/19 06:59:00.955, Tesla M60, 7613 MiB, 1109 MiB, 100 %, 100 %, 1177 MHz, 2505 MHz
2017/12/19 06:59:01.056, Tesla M60, 7613 MiB, 1109 MiB, 100 %, 100 %, 1177 MHz, 2505 MHz
2017/12/19 06:59:01.156, Tesla M60, 7613 MiB, 1109 MiB, 100 %, 100 %, 1177 MHz, 2505 MHz
2017/12/19 06:59:01.256, Tesla M60, 7613 MiB, 1109 MiB, 100 %, 100 %, 1177 MHz, 2505 MHz
2017/12/19 06:59:01.357, Tesla M60, 7613 MiB, 1109 MiB, 100 %, 100 %, 1177 MHz, 2505 MHz
2017/12/19 06:59:01.457, Tesla M60, 7613 MiB, 1109 MiB, 100 %, 100 %, 1177 MHz, 2505 MHz
2017/12/19 06:59:01.558, Tesla M60, 7613 MiB, 1109 MiB, 100 %, 100 %, 1177 MHz, 2505 MHz
2017/12/19 06:59:01.658, Tesla M60, 7613 MiB, 1109 MiB, 100 %, 100 %, 1177 MHz, 2505 MHz
2017/12/19 06:59:01.758, Tesla M60, 7613 MiB, 1109 MiB, 100 %, 100 %, 1177 MHz, 2505 MHz
2017/12/19 06:59:01.859, Tesla M60, 7613 MiB, 1109 MiB, 100 %, 100 %, 1177 MHz, 2505 MHz
2017/12/19 06:59:01.959, Tesla M60, 7613 MiB, 1109 MiB, 100 %, 100 %, 1177 MHz, 2505 MHz
2017/12/19 06:59:02.059, Tesla M60, 7613 MiB, 1109 MiB, 100 %, 100 %, 1177 MHz, 2505 MHz
2017/12/19 06:59:02.160, Tesla M60, 7613 MiB, 1109 MiB, 100 %, 100 %, 1177 MHz, 2505 MHz
2017/12/19 06:59:02.260, Tesla M60, 7613 MiB, 1109 MiB, 100 %, 100 %, 1177 MHz, 2505 MHz
2017/12/19 06:59:02.361, Tesla M60, 7613 MiB, 1109 MiB, 100 %, 100 %, 1177 MHz, 2505 MHz
2017/12/19 06:59:02.461, Tesla M60, 7613 MiB, 1109 MiB, 100 %, 100 %, 1177 MHz, 2505 MHz
2017/12/19 06:59:02.561, Tesla M60, 7613 MiB, 1109 MiB, 100 %, 100 %, 1177 MHz, 2505 MHz
2017/12/19 06:59:02.662, Tesla M60, 7613 MiB, 1109 MiB, 100 %, 100 %, 1177 MHz, 2505 MHz
2017/12/19 06:59:02.762, Tesla M60, 7613 MiB, 1109 MiB, 100 %, 100 %, 1177 MHz, 2505 MHz
2017/12/19 06:59:02.862, Tesla M60, 7613 MiB, 1109 MiB, 100 %, 100 %, 1177 MHz, 2505 MHz
2017/12/19 06:59:02.963, Tesla M60, 7613 MiB, 1109 MiB, 100 %, 100 %, 1177 MHz, 2505 MHz
2017/12/19 06:59:03.063, Tesla M60, 7613 MiB, 1109 MiB, 100 %, 100 %, 1177 MHz, 2505 MHz
2017/12/19 06:59:03.164, Tesla M60, 7613 MiB, 1109 MiB, 99 %, 100 %, 1177 MHz, 2505 MHz
2017/12/19 06:59:03.264, Tesla M60, 7613 MiB, 1109 MiB, 99 %, 100 %, 1177 MHz, 2505 MHz
2017/12/19 06:59:03.364, Tesla M60, 7613 MiB, 1109 MiB, 100 %, 100 %, 1177 MHz, 2505 MHz
2017/12/19 06:59:03.465, Tesla M60, 7613 MiB, 1109 MiB, 100 %, 100 %, 1177 MHz, 2505 MHz
2017/12/19 06:59:03.565, Tesla M60, 7613 MiB, 1109 MiB, 100 %, 100 %, 1177 MHz, 2505 MHz
2017/12/19 06:59:03.665, Tesla M60, 7613 MiB, 1109 MiB, 100 %, 100 %, 1177 MHz, 2505 MHz
2017/12/19 06:59:03.766, Tesla M60, 7613 MiB, 1109 MiB, 100 %, 100 %, 1177 MHz, 2505 MHz
2017/12/19 06:59:03.866, Tesla M60, 7613 MiB, 1109 MiB, 100 %, 100 %, 1177 MHz, 2505 MHz
2017/12/19 06:59:03.967, Tesla M60, 7613 MiB, 1109 MiB, 100 %, 100 %, 1177 MHz, 2505 MHz
2017/12/19 06:59:04.067, Tesla M60, 7613 MiB, 1109 MiB, 100 %, 100 %, 1177 MHz, 2505 MHz
2017/12/19 06:59:04.167, Tesla M60, 7613 MiB, 1109 MiB, 100 %, 100 %, 1177 MHz, 2505 MHz
2017/12/19 06:59:04.268, Tesla M60, 7613 MiB, 1109 MiB, 100 %, 100 %, 1177 MHz, 2505 MHz
2017/12/19 06:59:04.368, Tesla M60, 7613 MiB, 1109 MiB, 100 %, 100 %, 1177 MHz, 2505 MHz
2017/12/19 06:59:04.468, Tesla M60, 7613 MiB, 1109 MiB, 100 %, 100 %, 1177 MHz, 2505 MHz
2017/12/19 06:59:04.569, Tesla M60, 7613 MiB, 1109 MiB, 100 %, 100 %, 1177 MHz, 2505 MHz
2017/12/19 06:59:04.669, Tesla M60, 7613 MiB, 1109 MiB, 100 %, 100 %, 1177 MHz, 2505 MHz
2017/12/19 06:59:04.769, Tesla M60, 7613 MiB, 1109 MiB, 100 %, 100 %, 1177 MHz, 2505 MHz
2017/12/19 06:59:04.870, Tesla M60, 7613 MiB, 1109 MiB, 100 %, 100 %, 1177 MHz, 2505 MHz
2017/12/19 06:59:04.970, Tesla M60, 7613 MiB, 1109 MiB, 100 %, 100 %, 1177 MHz, 2505 MHz
2017/12/19 06:59:05.071, Tesla M60, 7613 MiB, 1109 MiB, 100 %, 100 %, 1177 MHz, 2505 MHz
2017/12/19 06:59:05.171, Tesla M60, 7613 MiB, 1109 MiB, 100 %, 100 %, 1177 MHz, 2505 MHz
2017/12/19 06:59:05.271, Tesla M60, 7613 MiB, 1109 MiB, 100 %, 100 %, 1177 MHz, 2505 MHz
2017/12/19 06:59:05.372, Tesla M60, 7613 MiB, 1109 MiB, 100 %, 100 %, 1177 MHz, 2505 MHz
2017/12/19 06:59:05.472, Tesla M60, 7613 MiB, 1109 MiB, 100 %, 100 %, 1177 MHz, 2505 MHz
2017/12/19 06:59:05.572, Tesla M60, 7613 MiB, 1109 MiB, 100 %, 100 %, 1177 MHz, 2505 MHz
2017/12/19 06:59:05.673, Tesla M60, 7613 MiB, 1109 MiB, 100 %, 100 %, 1177 MHz, 2505 MHz
2017/12/19 06:59:05.773, Tesla M60, 7613 MiB, 1109 MiB, 100 %, 100 %, 1177 MHz, 2505 MHz
2017/12/19 06:59:05.874, Tesla M60, 7613 MiB, 1109 MiB, 100 %, 100 %, 1177 MHz, 2505 MHz
2017/12/19 06:59:05.974, Tesla M60, 7613 MiB, 1109 MiB, 100 %, 100 %, 1177 MHz, 2505 MHz
2017/12/19 06:59:06.074, Tesla M60, 7613 MiB, 1109 MiB, 100 %, 100 %, 1177 MHz, 2505 MHz
2017/12/19 06:59:06.175, Tesla M60, 7613 MiB, 1109 MiB, 100 %, 100 %, 1177 MHz, 2505 MHz
2017/12/19 06:59:06.275, Tesla M60, 7613 MiB, 1109 MiB, 100 %, 100 %, 1177 MHz, 2505 MHz
2017/12/19 06:59:06.375, Tesla M60, 7613 MiB, 1109 MiB, 100 %, 100 %, 1177 MHz, 2505 MHz
2017/12/19 06:59:06.476, Tesla M60, 7613 MiB, 1109 MiB, 100 %, 100 %, 1177 MHz, 2505 MHz
2017/12/19 06:59:06.576, Tesla M60, 7613 MiB, 1109 MiB, 99 %, 100 %, 1177 MHz, 2505 MHz
2017/12/19 06:59:06.677, Tesla M60, 7613 MiB, 1109 MiB, 100 %, 100 %, 1177 MHz, 2505 MHz
2017/12/19 06:59:06.777, Tesla M60, 7613 MiB, 1109 MiB, 100 %, 100 %, 1177 MHz, 2505 MHz
2017/12/19 06:59:06.877, Tesla M60, 7613 MiB, 1109 MiB, 100 %, 100 %, 1177 MHz, 2505 MHz
2017/12/19 06:59:06.978, Tesla M60, 7613 MiB, 1109 MiB, 100 %, 100 %, 1177 MHz, 2505 MHz
2017/12/19 06:59:07.078, Tesla M60, 7613 MiB, 1109 MiB, 100 %, 100 %, 1177 MHz, 2505 MHz
2017/12/19 06:59:07.178, Tesla M60, 7613 MiB, 1109 MiB, 100 %, 100 %, 1177 MHz, 2505 MHz
2017/12/19 06:59:07.279, Tesla M60, 7613 MiB, 1109 MiB, 100 %, 100 %, 1177 MHz, 2505 MHz
2017/12/19 06:59:07.379, Tesla M60, 7613 MiB, 1109 MiB, 100 %, 100 %, 1177 MHz, 2505 MHz
2017/12/19 06:59:07.479, Tesla M60, 7613 MiB, 1109 MiB, 100 %, 100 %, 1177 MHz, 2505 MHz
2017/12/19 06:59:07.580, Tesla M60, 7613 MiB, 1109 MiB, 100 %, 100 %, 1177 MHz, 2505 MHz
2017/12/19 06:59:07.680, Tesla M60, 7613 MiB, 1109 MiB, 100 %, 100 %, 1177 MHz, 2505 MHz
2017/12/19 06:59:07.781, Tesla M60, 7613 MiB, 1109 MiB, 100 %, 100 %, 1177 MHz, 2505 MHz
2017/12/19 06:59:07.881, Tesla M60, 7613 MiB, 1109 MiB, 100 %, 100 %, 1177 MHz, 2505 MHz
2017/12/19 06:59:07.981, Tesla M60, 7613 MiB, 1109 MiB, 100 %, 100 %, 1177 MHz, 2505 MHz
2017/12/19 06:59:08.082, Tesla M60, 7613 MiB, 1109 MiB, 100 %, 100 %, 1177 MHz, 2505 MHz
2017/12/19 06:59:08.182, Tesla M60, 7613 MiB, 1109 MiB, 99 %, 100 %, 1177 MHz, 2505 MHz
2017/12/19 06:59:08.282, Tesla M60, 7613 MiB, 1109 MiB, 99 %, 100 %, 1177 MHz, 2505 MHz
2017/12/19 06:59:08.383, Tesla M60, 7613 MiB, 1109 MiB, 100 %, 100 %, 1177 MHz, 2505 MHz
2017/12/19 06:59:08.483, Tesla M60, 7613 MiB, 1109 MiB, 100 %, 100 %, 1177 MHz, 2505 MHz
2017/12/19 06:59:08.583, Tesla M60, 7613 MiB, 1109 MiB, 100 %, 100 %, 1177 MHz, 2505 MHz
2017/12/19 06:59:08.684, Tesla M60, 7613 MiB, 1109 MiB, 100 %, 100 %, 1177 MHz, 2505 MHz
2017/12/19 06:59:08.784, Tesla M60, 7613 MiB, 1109 MiB, 100 %, 100 %, 1177 MHz, 2505 MHz
2017/12/19 06:59:08.885, Tesla M60, 7613 MiB, 1109 MiB, 100 %, 100 %, 1177 MHz, 2505 MHz
2017/12/19 06:59:08.985, Tesla M60, 7613 MiB, 1109 MiB, 100 %, 100 %, 1177 MHz, 2505 MHz
2017/12/19 06:59:09.085, Tesla M60, 7613 MiB, 1109 MiB, 100 %, 100 %, 1177 MHz, 2505 MHz
2017/12/19 06:59:09.186, Tesla M60, 7613 MiB, 1109 MiB, 100 %, 100 %, 1177 MHz, 2505 MHz
2017/12/19 06:59:09.286, Tesla M60, 7613 MiB, 1109 MiB, 100 %, 100 %, 1177 MHz, 2505 MHz
2017/12/19 06:59:09.386, Tesla M60, 7613 MiB, 1109 MiB, 100 %, 100 %, 1177 MHz, 2505 MHz
2017/12/19 06:59:09.487, Tesla M60, 7613 MiB, 1109 MiB, 100 %, 100 %, 1177 MHz, 2505 MHz
2017/12/19 06:59:09.587, Tesla M60, 7613 MiB, 1109 MiB, 100 %, 100 %, 1177 MHz, 2505 MHz
2017/12/19 06:59:09.687, Tesla M60, 7613 MiB, 1109 MiB, 100 %, 100 %, 1177 MHz, 2505 MHz
2017/12/19 06:59:09.788, Tesla M60, 7613 MiB, 1109 MiB, 100 %, 100 %, 1177 MHz, 2505 MHz
2017/12/19 06:59:09.888, Tesla M60, 7613 MiB, 1109 MiB, 100 %, 100 %, 1177 MHz, 2505 MHz
2017/12/19 06:59:09.989, Tesla M60, 7613 MiB, 1109 MiB, 100 %, 100 %, 1177 MHz, 2505 MHz
2017/12/19 06:59:10.089, Tesla M60, 7613 MiB, 1109 MiB, 100 %, 100 %, 1177 MHz, 2505 MHz
2017/12/19 06:59:10.189, Tesla M60, 7613 MiB, 1109 MiB, 100 %, 100 %, 1177 MHz, 2505 MHz
2017/12/19 06:59:10.290, Tesla M60, 7613 MiB, 1109 MiB, 100 %, 100 %, 1177 MHz, 2505 MHz
2017/12/19 06:59:10.390, Tesla M60, 7613 MiB, 1109 MiB, 100 %, 100 %, 1177 MHz, 2505 MHz
2017/12/19 06:59:10.490, Tesla M60, 7613 MiB, 1109 MiB, 100 %, 100 %, 1177 MHz, 2505 MHz
2017/12/19 06:59:10.591, Tesla M60, 7613 MiB, 1109 MiB, 100 %, 100 %, 1177 MHz, 2505 MHz
2017/12/19 06:59:10.691, Tesla M60, 7613 MiB, 1109 MiB, 100 %, 100 %, 1177 MHz, 2505 MHz
2017/12/19 06:59:10.791, Tesla M60, 7613 MiB, 1109 MiB, 100 %, 100 %, 1177 MHz, 2505 MHz
2017/12/19 06:59:10.892, Tesla M60, 7613 MiB, 1109 MiB, 100 %, 100 %, 1177 MHz, 2505 MHz
2017/12/19 06:59:10.992, Tesla M60, 7613 MiB, 1109 MiB, 100 %, 100 %, 1177 MHz, 2505 MHz
2017/12/19 06:59:11.093, Tesla M60, 7613 MiB, 1109 MiB, 100 %, 100 %, 1177 MHz, 2505 MHz
2017/12/19 06:59:11.193, Tesla M60, 7613 MiB, 1109 MiB, 100 %, 100 %, 1177 MHz, 2505 MHz
2017/12/19 06:59:11.293, Tesla M60, 7613 MiB, 1109 MiB, 100 %, 100 %, 1177 MHz, 2505 MHz
2017/12/19 06:59:11.394, Tesla M60, 7613 MiB, 1109 MiB, 100 %, 100 %, 1177 MHz, 2505 MHz
2017/12/19 06:59:11.494, Tesla M60, 7613 MiB, 1109 MiB, 100 %, 100 %, 1177 MHz, 2505 MHz
2017/12/19 06:59:11.594, Tesla M60, 7613 MiB, 1109 MiB, 100 %, 100 %, 1177 MHz, 2505 MHz
2017/12/19 06:59:11.695, Tesla M60, 7613 MiB, 1109 MiB, 100 %, 100 %, 1177 MHz, 2505 MHz
2017/12/19 06:59:11.795, Tesla M60, 7613 MiB, 1109 MiB, 100 %, 100 %, 1177 MHz, 2505 MHz
2017/12/19 06:59:11.895, Tesla M60, 7613 MiB, 1109 MiB, 100 %, 100 %, 1177 MHz, 2505 MHz
2017/12/19 06:59:11.996, Tesla M60, 7613 MiB, 1109 MiB, 100 %, 100 %, 1177 MHz, 2505 MHz
2017/12/19 06:59:12.096, Tesla M60, 7613 MiB, 1109 MiB, 100 %, 100 %, 1177 MHz, 2505 MHz
2017/12/19 06:59:12.197, Tesla M60, 7613 MiB, 1109 MiB, 100 %, 100 %, 1177 MHz, 2505 MHz
2017/12/19 06:59:12.297, Tesla M60, 7613 MiB, 1109 MiB, 100 %, 100 %, 1177 MHz, 2505 MHz
2017/12/19 06:59:12.397, Tesla M60, 7613 MiB, 1109 MiB, 100 %, 100 %, 1177 MHz, 2505 MHz
2017/12/19 06:59:12.498, Tesla M60, 7613 MiB, 1109 MiB, 100 %, 100 %, 1177 MHz, 2505 MHz
2017/12/19 06:59:12.598, Tesla M60, 7613 MiB, 1109 MiB, 100 %, 100 %, 1177 MHz, 2505 MHz
2017/12/19 06:59:12.698, Tesla M60, 7613 MiB, 1109 MiB, 100 %, 100 %, 1177 MHz, 2505 MHz
2017/12/19 06:59:12.799, Tesla M60, 7613 MiB, 1109 MiB, 100 %, 100 %, 1177 MHz, 2505 MHz
2017/12/19 06:59:12.899, Tesla M60, 7613 MiB, 1109 MiB, 100 %, 100 %, 1177 MHz, 2505 MHz
2017/12/19 06:59:12.999, Tesla M60, 7613 MiB, 1109 MiB, 100 %, 100 %, 1177 MHz, 2505 MHz
2017/12/19 06:59:13.100, Tesla M60, 7613 MiB, 1109 MiB, 100 %, 100 %, 1177 MHz, 2505 MHz
2017/12/19 06:59:13.200, Tesla M60, 7613 MiB, 1109 MiB, 100 %, 100 %, 1177 MHz, 2505 MHz
2017/12/19 06:59:13.301, Tesla M60, 7613 MiB, 1109 MiB, 100 %, 100 %, 1177 MHz, 2505 MHz
2017/12/19 06:59:13.401, Tesla M60, 7613 MiB, 1109 MiB, 100 %, 100 %, 1177 MHz, 2505 MHz
2017/12/19 06:59:13.501, Tesla M60, 7613 MiB, 1109 MiB, 100 %, 100 %, 1177 MHz, 2505 MHz
2017/12/19 06:59:13.602, Tesla M60, 7613 MiB, 1109 MiB, 100 %, 100 %, 1177 MHz, 2505 MHz
2017/12/19 06:59:13.702, Tesla M60, 7613 MiB, 1109 MiB, 100 %, 100 %, 1177 MHz, 2505 MHz
2017/12/19 06:59:13.802, Tesla M60, 7613 MiB, 1109 MiB, 100 %, 100 %, 1177 MHz, 2505 MHz
2017/12/19 06:59:13.903, Tesla M60, 7613 MiB, 1109 MiB, 100 %, 100 %, 1177 MHz, 2505 MHz
2017/12/19 06:59:14.003, Tesla M60, 7613 MiB, 1109 MiB, 100 %, 100 %, 1177 MHz, 2505 MHz
2017/12/19 06:59:14.104, Tesla M60, 7613 MiB, 1109 MiB, 100 %, 100 %, 1177 MHz, 2505 MHz
2017/12/19 06:59:14.204, Tesla M60, 7613 MiB, 1109 MiB, 100 %, 100 %, 1177 MHz, 2505 MHz
2017/12/19 06:59:14.304, Tesla M60, 7613 MiB, 1109 MiB, 100 %, 100 %, 1177 MHz, 2505 MHz
2017/12/19 06:59:14.405, Tesla M60, 7613 MiB, 1109 MiB, 100 %, 100 %, 1177 MHz, 2505 MHz
2017/12/19 06:59:14.505, Tesla M60, 7613 MiB, 1109 MiB, 100 %, 100 %, 1177 MHz, 2505 MHz
2017/12/19 06:59:14.605, Tesla M60, 7613 MiB, 1109 MiB, 100 %, 100 %, 1177 MHz, 2505 MHz
2017/12/19 06:59:14.706, Tesla M60, 7613 MiB, 1109 MiB, 100 %, 100 %, 1177 MHz, 2505 MHz
2017/12/19 06:59:14.806, Tesla M60, 7613 MiB, 1109 MiB, 100 %, 100 %, 1177 MHz, 2505 MHz
2017/12/19 06:59:14.906, Tesla M60, 7613 MiB, 1109 MiB, 100 %, 100 %, 1177 MHz, 2505 MHz
2017/12/19 06:59:15.007, Tesla M60, 7613 MiB, 1109 MiB, 100 %, 100 %, 1177 MHz, 2505 MHz
2017/12/19 06:59:15.107, Tesla M60, 7613 MiB, 1109 MiB, 99 %, 100 %, 1177 MHz, 2505 MHz
2017/12/19 06:59:15.207, Tesla M60, 7613 MiB, 1109 MiB, 100 %, 100 %, 1177 MHz, 2505 MHz
2017/12/19 06:59:15.308, Tesla M60, 7613 MiB, 1109 MiB, 100 %, 100 %, 1177 MHz, 2505 MHz
2017/12/19 06:59:15.408, Tesla M60, 7613 MiB, 1109 MiB, 100 %, 100 %, 1177 MHz, 2505 MHz
2017/12/19 06:59:15.509, Tesla M60, 7613 MiB, 1109 MiB, 100 %, 100 %, 1177 MHz, 2505 MHz
2017/12/19 06:59:15.609, Tesla M60, 7613 MiB, 1109 MiB, 100 %, 100 %, 1177 MHz, 2505 MHz
2017/12/19 06:59:15.709, Tesla M60, 7613 MiB, 1109 MiB, 100 %, 100 %, 1177 MHz, 2505 MHz
2017/12/19 06:59:15.810, Tesla M60, 7613 MiB, 1109 MiB, 100 %, 100 %, 1177 MHz, 2505 MHz
2017/12/19 06:59:15.910, Tesla M60, 7613 MiB, 1109 MiB, 100 %, 100 %, 1177 MHz, 2505 MHz
2017/12/19 06:59:16.010, Tesla M60, 7613 MiB, 1109 MiB, 100 %, 100 %, 1177 MHz, 2505 MHz
2017/12/19 06:59:16.111, Tesla M60, 7613 MiB, 1109 MiB, 100 %, 100 %, 1177 MHz, 2505 MHz
2017/12/19 06:59:16.211, Tesla M60, 7613 MiB, 1109 MiB, 100 %, 100 %, 1177 MHz, 2505 MHz
2017/12/19 06:59:16.311, Tesla M60, 7613 MiB, 1109 MiB, 100 %, 100 %, 1177 MHz, 2505 MHz
2017/12/19 06:59:16.412, Tesla M60, 7613 MiB, 1109 MiB, 100 %, 100 %, 1177 MHz, 2505 MHz
2017/12/19 06:59:16.512, Tesla M60, 7613 MiB, 1109 MiB, 100 %, 100 %, 1177 MHz, 2505 MHz
2017/12/19 06:59:16.613, Tesla M60, 7613 MiB, 1109 MiB, 100 %, 100 %, 1177 MHz, 2505 MHz
2017/12/19 06:59:16.713, Tesla M60, 7613 MiB, 1109 MiB, 100 %, 100 %, 1177 MHz, 2505 MHz
2017/12/19 06:59:16.813, Tesla M60, 7613 MiB, 1109 MiB, 100 %, 100 %, 1177 MHz, 2505 MHz
2017/12/19 06:59:16.914, Tesla M60, 7613 MiB, 1109 MiB, 100 %, 100 %, 1177 MHz, 2505 MHz
2017/12/19 06:59:17.014, Tesla M60, 7613 MiB, 1109 MiB, 100 %, 100 %, 1177 MHz, 2505 MHz
2017/12/19 06:59:17.114, Tesla M60, 7613 MiB, 1109 MiB, 100 %, 100 %, 1177 MHz, 2505 MHz
2017/12/19 06:59:17.215, Tesla M60, 7613 MiB, 1109 MiB, 100 %, 100 %, 1177 MHz, 2505 MHz
2017/12/19 06:59:17.315, Tesla M60, 7613 MiB, 1109 MiB, 100 %, 100 %, 1177 MHz, 2505 MHz
2017/12/19 06:59:17.415, Tesla M60, 7613 MiB, 1109 MiB, 100 %, 100 %, 1177 MHz, 2505 MHz
2017/12/19 06:59:17.516, Tesla M60, 7613 MiB, 1109 MiB, 100 %, 100 %, 1177 MHz, 2505 MHz
2017/12/19 06:59:17.616, Tesla M60, 7613 MiB, 1109 MiB, 100 %, 100 %, 1177 MHz, 2505 MHz
2017/12/19 06:59:17.717, Tesla M60, 7613 MiB, 1109 MiB, 100 %, 100 %, 1177 MHz, 2505 MHz
2017/12/19 06:59:17.817, Tesla M60, 7613 MiB, 1109 MiB, 100 %, 100 %, 1177 MHz, 2505 MHz
2017/12/19 06:59:17.917, Tesla M60, 7613 MiB, 1109 MiB, 100 %, 100 %, 1177 MHz, 2505 MHz
2017/12/19 06:59:18.018, Tesla M60, 7613 MiB, 1109 MiB, 100 %, 100 %, 1177 MHz, 2505 MHz
2017/12/19 06:59:18.118, Tesla M60, 7613 MiB, 1109 MiB, 100 %, 100 %, 1177 MHz, 2505 MHz
2017/12/19 06:59:18.218, Tesla M60, 7613 MiB, 1109 MiB, 100 %, 100 %, 1177 MHz, 2505 MHz
2017/12/19 06:59:18.319, Tesla M60, 7613 MiB, 1109 MiB, 100 %, 100 %, 1177 MHz, 2505 MHz
2017/12/19 06:59:18.419, Tesla M60, 7613 MiB, 1109 MiB, 99 %, 100 %, 1177 MHz, 2505 MHz
2017/12/19 06:59:18.519, Tesla M60, 7613 MiB, 1109 MiB, 100 %, 100 %, 1177 MHz, 2505 MHz
2017/12/19 06:59:18.620, Tesla M60, 7613 MiB, 1109 MiB, 100 %, 100 %, 1177 MHz, 2505 MHz
2017/12/19 06:59:18.720, Tesla M60, 7613 MiB, 1109 MiB, 100 %, 100 %, 1177 MHz, 2505 MHz
2017/12/19 06:59:18.821, Tesla M60, 7613 MiB, 1109 MiB, 100 %, 100 %, 1177 MHz, 2505 MHz
2017/12/19 06:59:18.921, Tesla M60, 7613 MiB, 1109 MiB, 100 %, 100 %, 1177 MHz, 2505 MHz
2017/12/19 06:59:19.021, Tesla M60, 7613 MiB, 1109 MiB, 100 %, 100 %, 1177 MHz, 2505 MHz
2017/12/19 06:59:19.122, Tesla M60, 7613 MiB, 1109 MiB, 100 %, 100 %, 1177 MHz, 2505 MHz
2017/12/19 06:59:19.222, Tesla M60, 7613 MiB, 1109 MiB, 100 %, 100 %, 1177 MHz, 2505 MHz
2017/12/19 06:59:19.322, Tesla M60, 7613 MiB, 1109 MiB, 100 %, 100 %, 1177 MHz, 2505 MHz
2017/12/19 06:59:19.423, Tesla M60, 7613 MiB, 1109 MiB, 100 %, 100 %, 1177 MHz, 2505 MHz
2017/12/19 06:59:19.523, Tesla M60, 7613 MiB, 1109 MiB, 100 %, 100 %, 1177 MHz, 2505 MHz
2017/12/19 06:59:19.623, Tesla M60, 7613 MiB, 1109 MiB, 100 %, 100 %, 1177 MHz, 2505 MHz
2017/12/19 06:59:19.724, Tesla M60, 7613 MiB, 1109 MiB, 100 %, 100 %, 1177 MHz, 2505 MHz
2017/12/19 06:59:19.824, Tesla M60, 7613 MiB, 1109 MiB, 100 %, 100 %, 1177 MHz, 2505 MHz
2017/12/19 06:59:19.925, Tesla M60, 7613 MiB, 1109 MiB, 100 %, 100 %, 1177 MHz, 2505 MHz
2017/12/19 06:59:20.025, Tesla M60, 7613 MiB, 1109 MiB, 100 %, 100 %, 1177 MHz, 2505 MHz
2017/12/19 06:59:20.125, Tesla M60, 7613 MiB, 1109 MiB, 100 %, 100 %, 1177 MHz, 2505 MHz
2017/12/19 06:59:20.226, Tesla M60, 7613 MiB, 1109 MiB, 100 %, 100 %, 1177 MHz, 2505 MHz
2017/12/19 06:59:20.326, Tesla M60, 7613 MiB, 1109 MiB, 100 %, 100 %, 1177 MHz, 2505 MHz
2017/12/19 06:59:20.426, Tesla M60, 7613 MiB, 1109 MiB, 100 %, 100 %, 1177 MHz, 2505 MHz
2017/12/19 06:59:20.527, Tesla M60, 7613 MiB, 1109 MiB, 100 %, 100 %, 1177 MHz, 2505 MHz
2017/12/19 06:59:20.627, Tesla M60, 7613 MiB, 1109 MiB, 100 %, 100 %, 1177 MHz, 2505 MHz
2017/12/19 06:59:20.728, Tesla M60, 7613 MiB, 1109 MiB, 100 %, 100 %, 1177 MHz, 2505 MHz
2017/12/19 06:59:20.828, Tesla M60, 7613 MiB, 1109 MiB, 100 %, 100 %, 1177 MHz, 2505 MHz
2017/12/19 06:59:20.928, Tesla M60, 7613 MiB, 1109 MiB, 100 %, 100 %, 1177 MHz, 2505 MHz
2017/12/19 06:59:21.029, Tesla M60, 7613 MiB, 1109 MiB, 100 %, 100 %, 1177 MHz, 2505 MHz
2017/12/19 06:59:21.129, Tesla M60, 7613 MiB, 1109 MiB, 100 %, 100 %, 1177 MHz, 2505 MHz
2017/12/19 06:59:21.229, Tesla M60, 7613 MiB, 1109 MiB, 100 %, 100 %, 1177 MHz, 2505 MHz
2017/12/19 06:59:21.330, Tesla M60, 7613 MiB, 1109 MiB, 100 %, 100 %, 1177 MHz, 2505 MHz
2017/12/19 06:59:21.430, Tesla M60, 7613 MiB, 1109 MiB, 100 %, 100 %, 1177 MHz, 2505 MHz
2017/12/19 06:59:21.530, Tesla M60, 7613 MiB, 1109 MiB, 100 %, 100 %, 1177 MHz, 2505 MHz
2017/12/19 06:59:21.631, Tesla M60, 7613 MiB, 1109 MiB, 100 %, 100 %, 1177 MHz, 2505 MHz
2017/12/19 06:59:21.731, Tesla M60, 7613 MiB, 1109 MiB, 99 %, 100 %, 1177 MHz, 2505 MHz
2017/12/19 06:59:21.832, Tesla M60, 7613 MiB, 1109 MiB, 99 %, 100 %, 1177 MHz, 2505 MHz
2017/12/19 06:59:21.932, Tesla M60, 7613 MiB, 1109 MiB, 100 %, 100 %, 1177 MHz, 2505 MHz
2017/12/19 06:59:22.032, Tesla M60, 7613 MiB, 1109 MiB, 100 %, 100 %, 1177 MHz, 2505 MHz
2017/12/19 06:59:22.133, Tesla M60, 7613 MiB, 1109 MiB, 100 %, 100 %, 1177 MHz, 2505 MHz
2017/12/19 06:59:22.233, Tesla M60, 7613 MiB, 1109 MiB, 100 %, 100 %, 1177 MHz, 2505 MHz
2017/12/19 06:59:22.333, Tesla M60, 7613 MiB, 1109 MiB, 100 %, 100 %, 1177 MHz, 2505 MHz
2017/12/19 06:59:22.434, Tesla M60, 7613 MiB, 1109 MiB, 100 %, 100 %, 1177 MHz, 2505 MHz
2017/12/19 06:59:22.534, Tesla M60, 7613 MiB, 1109 MiB, 100 %, 100 %, 1177 MHz, 2505 MHz
2017/12/19 06:59:22.635, Tesla M60, 7613 MiB, 1109 MiB, 100 %, 100 %, 1177 MHz, 2505 MHz
2017/12/19 06:59:22.735, Tesla M60, 7613 MiB, 1109 MiB, 100 %, 100 %, 1177 MHz, 2505 MHz
2017/12/19 06:59:22.835, Tesla M60, 7613 MiB, 1109 MiB, 100 %, 100 %, 1177 MHz, 2505 MHz
2017/12/19 06:59:22.936, Tesla M60, 7613 MiB, 1109 MiB, 100 %, 100 %, 1177 MHz, 2505 MHz
2017/12/19 06:59:23.036, Tesla M60, 7613 MiB, 1109 MiB, 100 %, 100 %, 1177 MHz, 2505 MHz
2017/12/19 06:59:23.136, Tesla M60, 7613 MiB, 1109 MiB, 100 %, 100 %, 1177 MHz, 2505 MHz
2017/12/19 06:59:23.237, Tesla M60, 7613 MiB, 1109 MiB, 100 %, 100 %, 1177 MHz, 2505 MHz
2017/12/19 06:59:23.337, Tesla M60, 7613 MiB, 1109 MiB, 100 %, 100 %, 1177 MHz, 2505 MHz
2017/12/19 06:59:23.437, Tesla M60, 7613 MiB, 1109 MiB, 100 %, 100 %, 1177 MHz, 2505 MHz
2017/12/19 06:59:23.538, Tesla M60, 7613 MiB, 1109 MiB, 100 %, 100 %, 1177 MHz, 2505 MHz
2017/12/19 06:59:23.638, Tesla M60, 7613 MiB, 1109 MiB, 100 %, 100 %, 1177 MHz, 2505 MHz
2017/12/19 06:59:23.739, Tesla M60, 7613 MiB, 1109 MiB, 100 %, 100 %, 1177 MHz, 2505 MHz
2017/12/19 06:59:23.839, Tesla M60, 7613 MiB, 1109 MiB, 100 %, 100 %, 1177 MHz, 2505 MHz
2017/12/19 06:59:23.939, Tesla M60, 7613 MiB, 1109 MiB, 100 %, 100 %, 1177 MHz, 2505 MHz
2017/12/19 06:59:24.040, Tesla M60, 7613 MiB, 1109 MiB, 100 %, 100 %, 1177 MHz, 2505 MHz
2017/12/19 06:59:24.140, Tesla M60, 7613 MiB, 1109 MiB, 100 %, 100 %, 1177 MHz, 2505 MHz
2017/12/19 06:59:24.240, Tesla M60, 7613 MiB, 1109 MiB, 100 %, 100 %, 1177 MHz, 2505 MHz
2017/12/19 06:59:24.341, Tesla M60, 7613 MiB, 1109 MiB, 100 %, 100 %, 1177 MHz, 2505 MHz
2017/12/19 06:59:24.441, Tesla M60, 7613 MiB, 1109 MiB, 100 %, 100 %, 1177 MHz, 2505 MHz
2017/12/19 06:59:24.541, Tesla M60, 7613 MiB, 1109 MiB, 100 %, 100 %, 1177 MHz, 2505 MHz
2017/12/19 06:59:24.642, Tesla M60, 7613 MiB, 1109 MiB, 100 %, 100 %, 1177 MHz, 2505 MHz
2017/12/19 06:59:24.742, Tesla M60, 7613 MiB, 1109 MiB, 100 %, 100 %, 1177 MHz, 2505 MHz
2017/12/19 06:59:24.843, Tesla M60, 7613 MiB, 1109 MiB, 100 %, 100 %, 1177 MHz, 2505 MHz
2017/12/19 06:59:24.943, Tesla M60, 7613 MiB, 1109 MiB, 100 %, 100 %, 1177 MHz, 2505 MHz
2017/12/19 06:59:25.043, Tesla M60, 7613 MiB, 1109 MiB, 100 %, 100 %, 1177 MHz, 2505 MHz
2017/12/19 06:59:25.144, Tesla M60, 7613 MiB, 1109 MiB, 100 %, 100 %, 1177 MHz, 2505 MHz
2017/12/19 06:59:25.244, Tesla M60, 7613 MiB, 1109 MiB, 100 %, 100 %, 1177 MHz, 2505 MHz
2017/12/19 06:59:25.344, Tesla M60, 7613 MiB, 1109 MiB, 100 %, 100 %, 1177 MHz, 2505 MHz
2017/12/19 06:59:25.445, Tesla M60, 7613 MiB, 1109 MiB, 100 %, 100 %, 1177 MHz, 2505 MHz
2017/12/19 06:59:25.545, Tesla M60, 7613 MiB, 1109 MiB, 100 %, 100 %, 1177 MHz, 2505 MHz
2017/12/19 06:59:25.646, Tesla M60, 7613 MiB, 1109 MiB, 100 %, 100 %, 1177 MHz, 2505 MHz
2017/12/19 06:59:25.746, Tesla M60, 7613 MiB, 1109 MiB, 100 %, 100 %, 1177 MHz, 2505 MHz
2017/12/19 06:59:25.846, Tesla M60, 7613 MiB, 1109 MiB, 100 %, 100 %, 1177 MHz, 2505 MHz
2017/12/19 06:59:25.947, Tesla M60, 7613 MiB, 1109 MiB, 100 %, 100 %, 1177 MHz, 2505 MHz
2017/12/19 06:59:26.047, Tesla M60, 7613 MiB, 1109 MiB, 100 %, 100 %, 1177 MHz, 2505 MHz
2017/12/19 06:59:26.147, Tesla M60, 7613 MiB, 1109 MiB, 100 %, 100 %, 1177 MHz, 2505 MHz
2017/12/19 06:59:26.248, Tesla M60, 7613 MiB, 1109 MiB, 100 %, 100 %, 1177 MHz, 2505 MHz
2017/12/19 06:59:26.348, Tesla M60, 7613 MiB, 1109 MiB, 100 %, 100 %, 1177 MHz, 2505 MHz
2017/12/19 06:59:26.448, Tesla M60, 7613 MiB, 1109 MiB, 100 %, 100 %, 1177 MHz, 2505 MHz
2017/12/19 06:59:26.549, Tesla M60, 7613 MiB, 1109 MiB, 100 %, 100 %, 1177 MHz, 2505 MHz
2017/12/19 06:59:26.649, Tesla M60, 7613 MiB, 1109 MiB, 100 %, 100 %, 1177 MHz, 2505 MHz
2017/12/19 06:59:26.750, Tesla M60, 7613 MiB, 1109 MiB, 100 %, 100 %, 1177 MHz, 2505 MHz
2017/12/19 06:59:26.850, Tesla M60, 7613 MiB, 1109 MiB, 100 %, 100 %, 1177 MHz, 2505 MHz
2017/12/19 06:59:26.950, Tesla M60, 7613 MiB, 1109 MiB, 100 %, 100 %, 1177 MHz, 2505 MHz
2017/12/19 06:59:27.051, Tesla M60, 7613 MiB, 1109 MiB, 100 %, 100 %, 1177 MHz, 2505 MHz
2017/12/19 06:59:27.151, Tesla M60, 7613 MiB, 1109 MiB, 100 %, 100 %, 1177 MHz, 2505 MHz
2017/12/19 06:59:27.251, Tesla M60, 7613 MiB, 1109 MiB, 100 %, 100 %, 1177 MHz, 2505 MHz
2017/12/19 06:59:27.352, Tesla M60, 7613 MiB, 1109 MiB, 100 %, 100 %, 1177 MHz, 2505 MHz
2017/12/19 06:59:27.452, Tesla M60, 7613 MiB, 1109 MiB, 100 %, 100 %, 1177 MHz, 2505 MHz
2017/12/19 06:59:27.552, Tesla M60, 7613 MiB, 1109 MiB, 100 %, 100 %, 1177 MHz, 2505 MHz
2017/12/19 06:59:27.653, Tesla M60, 7613 MiB, 1109 MiB, 100 %, 100 %, 1177 MHz, 2505 MHz
2017/12/19 06:59:27.753, Tesla M60, 7613 MiB, 1109 MiB, 100 %, 100 %, 1177 MHz, 2505 MHz
2017/12/19 06:59:27.854, Tesla M60, 7613 MiB, 1109 MiB, 100 %, 100 %, 1177 MHz, 2505 MHz
2017/12/19 06:59:27.954, Tesla M60, 7613 MiB, 1109 MiB, 100 %, 100 %, 1177 MHz, 2505 MHz
2017/12/19 06:59:28.054, Tesla M60, 7613 MiB, 1109 MiB, 100 %, 100 %, 1177 MHz, 2505 MHz
2017/12/19 06:59:28.155, Tesla M60, 7613 MiB, 1109 MiB, 100 %, 100 %, 1177 MHz, 2505 MHz
2017/12/19 06:59:28.255, Tesla M60, 7613 MiB, 1109 MiB, 100 %, 100 %, 1177 MHz, 2505 MHz
2017/12/19 06:59:28.355, Tesla M60, 7613 MiB, 1109 MiB, 100 %, 100 %, 1177 MHz, 2505 MHz
2017/12/19 06:59:28.456, Tesla M60, 7613 MiB, 1109 MiB, 100 %, 100 %, 1177 MHz, 2505 MHz
2017/12/19 06:59:28.556, Tesla M60, 7613 MiB, 1109 MiB, 100 %, 100 %, 1177 MHz, 2505 MHz
2017/12/19 06:59:28.657, Tesla M60, 7613 MiB, 1109 MiB, 100 %, 100 %, 1177 MHz, 2505 MHz
2017/12/19 06:59:28.757, Tesla M60, 7613 MiB, 1109 MiB, 100 %, 100 %, 1177 MHz, 2505 MHz
2017/12/19 06:59:28.857, Tesla M60, 7613 MiB, 1109 MiB, 100 %, 100 %, 1177 MHz, 2505 MHz
2017/12/19 06:59:28.958, Tesla M60, 7613 MiB, 1109 MiB, 100 %, 100 %, 1177 MHz, 2505 MHz
2017/12/19 06:59:29.058, Tesla M60, 7613 MiB, 1109 MiB, 100 %, 100 %, 1177 MHz, 2505 MHz
2017/12/19 06:59:29.158, Tesla M60, 7613 MiB, 1109 MiB, 100 %, 100 %, 1177 MHz, 2505 MHz
2017/12/19 06:59:29.259, Tesla M60, 7613 MiB, 1109 MiB, 100 %, 100 %, 1177 MHz, 2505 MHz
2017/12/19 06:59:29.359, Tesla M60, 7613 MiB, 1109 MiB, 100 %, 100 %, 1177 MHz, 2505 MHz
2017/12/19 06:59:29.459, Tesla M60, 7613 MiB, 1109 MiB, 100 %, 100 %, 1177 MHz, 2505 MHz
2017/12/19 06:59:29.560, Tesla M60, 7613 MiB, 1109 MiB, 100 %, 100 %, 1177 MHz, 2505 MHz
2017/12/19 06:59:29.660, Tesla M60, 7613 MiB, 1109 MiB, 100 %, 100 %, 1177 MHz, 2505 MHz
2017/12/19 06:59:29.760, Tesla M60, 7613 MiB, 1109 MiB, 100 %, 100 %, 1177 MHz, 2505 MHz
2017/12/19 06:59:29.861, Tesla M60, 7613 MiB, 1109 MiB, 100 %, 100 %, 1177 MHz, 2505 MHz
2017/12/19 06:59:29.961, Tesla M60, 7613 MiB, 1109 MiB, 100 %, 100 %, 1177 MHz, 2505 MHz
2017/12/19 06:59:30.062, Tesla M60, 7613 MiB, 1109 MiB, 100 %, 100 %, 1177 MHz, 2505 MHz
2017/12/19 06:59:30.162, Tesla M60, 7613 MiB, 1109 MiB, 100 %, 100 %, 1177 MHz, 2505 MHz
2017/12/19 06:59:30.262, Tesla M60, 7613 MiB, 1109 MiB, 100 %, 100 %, 1177 MHz, 2505 MHz
2017/12/19 06:59:30.363, Tesla M60, 7613 MiB, 1109 MiB, 100 %, 100 %, 1177 MHz, 2505 MHz
2017/12/19 06:59:30.463, Tesla M60, 7613 MiB, 1109 MiB, 100 %, 100 %, 1177 MHz, 2505 MHz
2017/12/19 06:59:30.563, Tesla M60, 7613 MiB, 1109 MiB, 100 %, 100 %, 1177 MHz, 2505 MHz
2017/12/19 06:59:30.664, Tesla M60, 7613 MiB, 1109 MiB, 100 %, 100 %, 1177 MHz, 2505 MHz
2017/12/19 06:59:30.764, Tesla M60, 7613 MiB, 1109 MiB, 100 %, 100 %, 1177 MHz, 2505 MHz
2017/12/19 06:59:30.865, Tesla M60, 7613 MiB, 1109 MiB, 100 %, 100 %, 1177 MHz, 2505 MHz
2017/12/19 06:59:30.965, Tesla M60, 7613 MiB, 1109 MiB, 100 %, 100 %, 1177 MHz, 2505 MHz
2017/12/19 06:59:31.065, Tesla M60, 7613 MiB, 1109 MiB, 100 %, 100 %, 1177 MHz, 2505 MHz
2017/12/19 06:59:31.166, Tesla M60, 7613 MiB, 1109 MiB, 100 %, 100 %, 1177 MHz, 2505 MHz
2017/12/19 06:59:31.266, Tesla M60, 7613 MiB, 1109 MiB, 100 %, 100 %, 1177 MHz, 2505 MHz
2017/12/19 06:59:31.366, Tesla M60, 7613 MiB, 1109 MiB, 100 %, 100 %, 1177 MHz, 2505 MHz
2017/12/19 06:59:31.467, Tesla M60, 7613 MiB, 1109 MiB, 100 %, 100 %, 1177 MHz, 2505 MHz
2017/12/19 06:59:31.567, Tesla M60, 7613 MiB, 1109 MiB, 100 %, 100 %, 1177 MHz, 2505 MHz
2017/12/19 06:59:31.667, Tesla M60, 7613 MiB, 1109 MiB, 100 %, 100 %, 1177 MHz, 2505 MHz
2017/12/19 06:59:31.768, Tesla M60, 7613 MiB, 1109 MiB, 100 %, 100 %, 1177 MHz, 2505 MHz
2017/12/19 06:59:31.868, Tesla M60, 7613 MiB, 1109 MiB, 100 %, 100 %, 1177 MHz, 2505 MHz
2017/12/19 06:59:31.968, Tesla M60, 7613 MiB, 1109 MiB, 100 %, 100 %, 1177 MHz, 2505 MHz
2017/12/19 06:59:32.069, Tesla M60, 7613 MiB, 1109 MiB, 100 %, 100 %, 1177 MHz, 2505 MHz
2017/12/19 06:59:32.169, Tesla M60, 7613 MiB, 1109 MiB, 100 %, 100 %, 1177 MHz, 2505 MHz
2017/12/19 06:59:32.270, Tesla M60, 7613 MiB, 1109 MiB, 100 %, 100 %, 1177 MHz, 2505 MHz
2017/12/19 06:59:32.370, Tesla M60, 7613 MiB, 1109 MiB, 100 %, 100 %, 1177 MHz, 2505 MHz
2017/12/19 06:59:32.470, Tesla M60, 7613 MiB, 1109 MiB, 100 %, 100 %, 1177 MHz, 2505 MHz
2017/12/19 06:59:32.571, Tesla M60, 7613 MiB, 1109 MiB, 100 %, 100 %, 1177 MHz, 2505 MHz
2017/12/19 06:59:32.671, Tesla M60, 7613 MiB, 1109 MiB, 100 %, 100 %, 1177 MHz, 2505 MHz
2017/12/19 06:59:32.771, Tesla M60, 7613 MiB, 1109 MiB, 100 %, 100 %, 1177 MHz, 2505 MHz
2017/12/19 06:59:32.872, Tesla M60, 7613 MiB, 1109 MiB, 100 %, 100 %, 1177 MHz, 2505 MHz
2017/12/19 06:59:32.972, Tesla M60, 7613 MiB, 1109 MiB, 100 %, 100 %, 1177 MHz, 2505 MHz
2017/12/19 06:59:33.073, Tesla M60, 7613 MiB, 1109 MiB, 100 %, 100 %, 1177 MHz, 2505 MHz
2017/12/19 06:59:33.173, Tesla M60, 7613 MiB, 1109 MiB, 100 %, 100 %, 1177 MHz, 2505 MHz
2017/12/19 06:59:33.273, Tesla M60, 7613 MiB, 1109 MiB, 100 %, 100 %, 1177 MHz, 2505 MHz
2017/12/19 06:59:33.374, Tesla M60, 7613 MiB, 1109 MiB, 100 %, 100 %, 1177 MHz, 2505 MHz
2017/12/19 06:59:33.474, Tesla M60, 7613 MiB, 1109 MiB, 100 %, 100 %, 1177 MHz, 2505 MHz
2017/12/19 06:59:33.574, Tesla M60, 7613 MiB, 1109 MiB, 99 %, 100 %, 1177 MHz, 2505 MHz
2017/12/19 06:59:33.675, Tesla M60, 7613 MiB, 1109 MiB, 99 %, 100 %, 1177 MHz, 2505 MHz
2017/12/19 06:59:33.775, Tesla M60, 7613 MiB, 1109 MiB, 100 %, 100 %, 1177 MHz, 2505 MHz
2017/12/19 06:59:33.875, Tesla M60, 7613 MiB, 1109 MiB, 100 %, 100 %, 1177 MHz, 2505 MHz
2017/12/19 06:59:33.976, Tesla M60, 7613 MiB, 1109 MiB, 100 %, 100 %, 1177 MHz, 2505 MHz
2017/12/19 06:59:34.076, Tesla M60, 7613 MiB, 1109 MiB, 100 %, 100 %, 1177 MHz, 2505 MHz
2017/12/19 06:59:34.176, Tesla M60, 7613 MiB, 1109 MiB, 100 %, 100 %, 1177 MHz, 2505 MHz
2017/12/19 06:59:34.277, Tesla M60, 7613 MiB, 1109 MiB, 100 %, 100 %, 1177 MHz, 2505 MHz
2017/12/19 06:59:34.377, Tesla M60, 7613 MiB, 1109 MiB, 100 %, 100 %, 1177 MHz, 2505 MHz
2017/12/19 06:59:34.478, Tesla M60, 7613 MiB, 1109 MiB, 100 %, 100 %, 1177 MHz, 2505 MHz
2017/12/19 06:59:34.578, Tesla M60, 7613 MiB, 1109 MiB, 100 %, 100 %, 1177 MHz, 2505 MHz
2017/12/19 06:59:34.678, Tesla M60, 7613 MiB, 1109 MiB, 100 %, 100 %, 1177 MHz, 2505 MHz
2017/12/19 06:59:34.779, Tesla M60, 7613 MiB, 1109 MiB, 100 %, 100 %, 1177 MHz, 2505 MHz
2017/12/19 06:59:34.879, Tesla M60, 7613 MiB, 1109 MiB, 100 %, 100 %, 1177 MHz, 2505 MHz
2017/12/19 06:59:34.979, Tesla M60, 7613 MiB, 1109 MiB, 100 %, 100 %, 1177 MHz, 2505 MHz
2017/12/19 06:59:35.080, Tesla M60, 7613 MiB, 1109 MiB, 100 %, 100 %, 1177 MHz, 2505 MHz
2017/12/19 06:59:35.180, Tesla M60, 7613 MiB, 1109 MiB, 100 %, 100 %, 1177 MHz, 2505 MHz
2017/12/19 06:59:35.280, Tesla M60, 7613 MiB, 1109 MiB, 100 %, 100 %, 1177 MHz, 2505 MHz
2017/12/19 06:59:35.381, Tesla M60, 7613 MiB, 1109 MiB, 100 %, 100 %, 1177 MHz, 2505 MHz
2017/12/19 06:59:35.481, Tesla M60, 7613 MiB, 1109 MiB, 100 %, 100 %, 1177 MHz, 2505 MHz
2017/12/19 06:59:35.582, Tesla M60, 7613 MiB, 1109 MiB, 100 %, 100 %, 1177 MHz, 2505 MHz
2017/12/19 06:59:35.682, Tesla M60, 7613 MiB, 1109 MiB, 100 %, 100 %, 1177 MHz, 2505 MHz
2017/12/19 06:59:35.782, Tesla M60, 7613 MiB, 1109 MiB, 100 %, 100 %, 1177 MHz, 2505 MHz
2017/12/19 06:59:35.883, Tesla M60, 7613 MiB, 1109 MiB, 100 %, 100 %, 1177 MHz, 2505 MHz
2017/12/19 06:59:35.983, Tesla M60, 7613 MiB, 1109 MiB, 100 %, 100 %, 1177 MHz, 2505 MHz
2017/12/19 06:59:36.083, Tesla M60, 7613 MiB, 1109 MiB, 100 %, 100 %, 1177 MHz, 2505 MHz
2017/12/19 06:59:36.184, Tesla M60, 7613 MiB, 1109 MiB, 100 %, 100 %, 1177 MHz, 2505 MHz
2017/12/19 06:59:36.284, Tesla M60, 7613 MiB, 1109 MiB, 100 %, 100 %, 1177 MHz, 2505 MHz
2017/12/19 06:59:36.385, Tesla M60, 7613 MiB, 1109 MiB, 100 %, 100 %, 1177 MHz, 2505 MHz
2017/12/19 06:59:36.485, Tesla M60, 7613 MiB, 1109 MiB, 100 %, 100 %, 1177 MHz, 2505 MHz
2017/12/19 06:59:36.585, Tesla M60, 7613 MiB, 1109 MiB, 100 %, 100 %, 1177 MHz, 2505 MHz
2017/12/19 06:59:36.686, Tesla M60, 7613 MiB, 1109 MiB, 100 %, 100 %, 1177 MHz, 2505 MHz
2017/12/19 06:59:36.786, Tesla M60, 7613 MiB, 1109 MiB, 100 %, 100 %, 1177 MHz, 2505 MHz
2017/12/19 06:59:36.886, Tesla M60, 7613 MiB, 1109 MiB, 100 %, 100 %, 1177 MHz, 2505 MHz
2017/12/19 06:59:36.987, Tesla M60, 7613 MiB, 1109 MiB, 100 %, 100 %, 1177 MHz, 2505 MHz
2017/12/19 06:59:37.087, Tesla M60, 7613 MiB, 1109 MiB, 100 %, 100 %, 1177 MHz, 2505 MHz
2017/12/19 06:59:37.187, Tesla M60, 7613 MiB, 1109 MiB, 100 %, 100 %, 1177 MHz, 2505 MHz
2017/12/19 06:59:37.288, Tesla M60, 7613 MiB, 1109 MiB, 100 %, 100 %, 1177 MHz, 2505 MHz
2017/12/19 06:59:37.388, Tesla M60, 7613 MiB, 1109 MiB, 100 %, 100 %, 1177 MHz, 2505 MHz
2017/12/19 06:59:37.489, Tesla M60, 7613 MiB, 1109 MiB, 100 %, 100 %, 1177 MHz, 2505 MHz
2017/12/19 06:59:37.589, Tesla M60, 7613 MiB, 1109 MiB, 100 %, 100 %, 1177 MHz, 2505 MHz
2017/12/19 06:59:37.689, Tesla M60, 7613 MiB, 1109 MiB, 100 %, 100 %, 1177 MHz, 2505 MHz
2017/12/19 06:59:37.790, Tesla M60, 7613 MiB, 1109 MiB, 100 %, 100 %, 1177 MHz, 2505 MHz
2017/12/19 06:59:37.890, Tesla M60, 7613 MiB, 1109 MiB, 100 %, 100 %, 1177 MHz, 2505 MHz
2017/12/19 06:59:37.990, Tesla M60, 7613 MiB, 1109 MiB, 100 %, 100 %, 1177 MHz, 2505 MHz
2017/12/19 06:59:38.091, Tesla M60, 7613 MiB, 1109 MiB, 100 %, 100 %, 1177 MHz, 2505 MHz
2017/12/19 06:59:38.191, Tesla M60, 7613 MiB, 1109 MiB, 100 %, 100 %, 1177 MHz, 2505 MHz
2017/12/19 06:59:38.291, Tesla M60, 7613 MiB, 1109 MiB, 100 %, 100 %, 1177 MHz, 2505 MHz
2017/12/19 06:59:38.392, Tesla M60, 7613 MiB, 1109 MiB, 100 %, 100 %, 1177 MHz, 2505 MHz
2017/12/19 06:59:38.492, Tesla M60, 7613 MiB, 1109 MiB, 100 %, 100 %, 1177 MHz, 2505 MHz
2017/12/19 06:59:38.593, Tesla M60, 7613 MiB, 973 MiB, 100 %, 100 %, 1177 MHz, 2505 MHz
2017/12/19 06:59:38.693, Tesla M60, 7613 MiB, 1 MiB, 100 %, 100 %, 1177 MHz, 2505 MHz
2017/12/19 06:59:38.793, Tesla M60, 7613 MiB, 1 MiB, 56 %, 17 %, 1177 MHz, 2505 MHz
2017/12/19 06:59:38.894, Tesla M60, 7613 MiB, 1 MiB, 0 %, 0 %, 1177 MHz, 2505 MHz
2017/12/19 06:59:38.994, Tesla M60, 7613 MiB, 1 MiB, 0 %, 0 %, 1177 MHz, 2505 MHz
2017/12/19 06:59:39.094, Tesla M60, 7613 MiB, 1 MiB, 0 %, 0 %, 1177 MHz, 2505 MHz
2017/12/19 06:59:39.195, Tesla M60, 7613 MiB, 1 MiB, 0 %, 0 %, 1177 MHz, 2505 MHz
2017/12/19 06:59:39.295, Tesla M60, 7613 MiB, 1 MiB, 0 %, 0 %, 1177 MHz, 2505 MHz
2017/12/19 06:59:39.396, Tesla M60, 7613 MiB, 1 MiB, 0 %, 0 %, 1177 MHz, 2505 MHz
2017/12/19 06:59:39.496, Tesla M60, 7613 MiB, 1 MiB, 0 %, 0 %, 1177 MHz, 2505 MHz
2017/12/19 06:59:39.596, Tesla M60, 7613 MiB, 1 MiB, 0 %, 0 %, 1177 MHz, 2505 MHz
2017/12/19 06:59:39.697, Tesla M60, 7613 MiB, 1 MiB, 0 %, 0 %, 1177 MHz, 2505 MHz
2017/12/19 06:59:39.797, Tesla M60, 7613 MiB, 1 MiB, 0 %, 0 %, 1177 MHz, 2505 MHz
2017/12/19 06:59:39.898, Tesla M60, 7613 MiB, 1 MiB, 0 %, 0 %, 1177 MHz, 2505 MHz
2017/12/19 06:59:39.998, Tesla M60, 7613 MiB, 1 MiB, 0 %, 0 %, 1177 MHz, 2505 MHz
2017/12/19 06:59:40.098, Tesla M60, 7613 MiB, 1 MiB, 0 %, 0 %, 1177 MHz, 2505 MHz
2017/12/19 06:59:40.199, Tesla M60, 7613 MiB, 1 MiB, 0 %, 0 %, 1177 MHz, 2505 MHz
2017/12/19 06:59:40.299, Tesla M60, 7613 MiB, 1 MiB, 0 %, 0 %, 1177 MHz, 2505 MHz
2017/12/19 06:59:40.399, Tesla M60, 7613 MiB, 1 MiB, 0 %, 0 %, 1177 MHz, 2505 MHz
2017/12/19 06:59:40.500, Tesla M60, 7613 MiB, 1 MiB, 0 %, 0 %, 1177 MHz, 2505 MHz
2017/12/19 06:59:40.600, Tesla M60, 7613 MiB, 1 MiB, 0 %, 0 %, 1177 MHz, 2505 MHz
2017/12/19 06:59:40.701, Tesla M60, 7613 MiB, 1 MiB, 0 %, 0 %, 1177 MHz, 2505 MHz
2017/12/19 06:59:40.801, Tesla M60, 7613 MiB, 1 MiB, 0 %, 0 %, 1177 MHz, 2505 MHz
2017/12/19 06:59:40.901, Tesla M60, 7613 MiB, 1 MiB, 0 %, 0 %, 1177 MHz, 2505 MHz
2017/12/19 06:59:41.002, Tesla M60, 7613 MiB, 1 MiB, 0 %, 0 %, 1177 MHz, 2505 MHz
2017/12/19 06:59:41.102, Tesla M60, 7613 MiB, 1 MiB, 0 %, 0 %, 1177 MHz, 2505 MHz
2017/12/19 06:59:41.202, Tesla M60, 7613 MiB, 1 MiB, 0 %, 0 %, 1177 MHz, 2505 MHz
2017/12/19 06:59:41.303, Tesla M60, 7613 MiB, 1 MiB, 0 %, 0 %, 1177 MHz, 2505 MHz
2017/12/19 06:59:41.403, Tesla M60, 7613 MiB, 1 MiB, 0 %, 0 %, 405 MHz, 324 MHz
2017/12/19 06:59:41.504, Tesla M60, 7613 MiB, 1 MiB, 0 %, 0 %, 405 MHz, 324 MHz
